f1,f2,p1,p2,energy
2,4,0,0,297492.9677299999
2,4,0,1,99559.55394000001
2,4,0,2,95083.61522
2,4,0,3,127398.06783000001
2,4,0,4,71208.87745000001
2,4,0,5,350647.88169
2,4,0,6,3861.9490699999988
2,4,0,7,2590.8368599999994
2,4,0,8,-24140.199500000017
2,4,0,9,-8727.567779999998
2,4,0,10,-6753.64385
2,4,0,11,-19028.19057
2,4,0,12,-7959.869640000001
2,4,0,13,30248.362349999996
2,4,0,14,923.5124100000012
2,4,0,15,164279.50353000002
2,4,0,16,-64835.14486000001
2,4,0,17,-734.3601500000004
2,4,0,18,1014944.23826
2,4,0,19,1171020.55007
2,4,0,20,1073589.18671
2,4,0,21,651768.6036899999
2,4,0,22,431685.51170000003
2,4,0,23,337183.72120999993
2,4,0,24,368854.29301
2,4,0,25,244646.13059999997
2,4,0,26,443258.0528499999
2,4,0,27,134219.35092000003
2,4,0,28,499530.71979
2,4,0,29,215361.64807000002
2,4,0,30,148986.71214000002
2,4,0,31,58185.68415
2,4,0,32,14094.27187
2,4,0,33,8031.245800000001
2,4,0,34,21522.074119999997
2,4,0,35,9211241.35607
2,4,0,36,9432191.691709999
2,4,0,37,9183367.857110001
2,4,0,38,8433966.962159999
2,4,0,39,1342700.0239000001
2,4,0,40,1646645.98184
2,4,0,41,6192377.861350001
2,4,0,42,6007088.15651
2,4,0,43,1187372.2416700001
2,4,0,44,1238738.18298
2,4,0,45,1179327.01416
2,4,0,46,2799322.84539
2,4,0,47,3087262.64322
2,4,0,48,1800127.19974
2,4,0,49,1802106.79353
2,4,0,50,1806014.00148
2,4,0,51,1889281.56956
2,4,0,52,1310555.7903399998
2,4,0,53,1424615.55421
2,4,0,54,1442684.69894
2,4,0,55,1739228.9549200002
2,4,0,56,1239382.31963
2,4,0,57,1592736.5185200002
2,4,0,58,3044223.2433399996
2,4,0,59,2975597.8254400003
2,4,0,60,3034418.8222600003
2,4,0,61,2982077.1322
2,4,0,62,2811828.5601
2,4,0,63,2328074.8338999995
2,4,0,64,4161083.6018299996
2,4,0,65,4439119.70586
2,4,0,66,1209582.75188
2,4,0,67,3690029.85323
2,4,0,68,2786298.5226499997
2,4,0,69,3202315.73167
2,4,0,70,949952.3995299999
2,4,0,71,2321476.89699
2,4,0,72,3688891.56125
2,4,0,73,3455714.88283
2,4,0,74,709785.6207999999
2,4,0,75,24330.457049999997
2,4,0,76,947368.5161899999
2,4,0,77,71079.25339
2,4,0,78,1185067.69509
2,4,0,79,7351240.16771
2,4,0,80,8645560.07991
2,4,0,81,38330610.925670005
2,4,0,82,39169611.807490006
2,4,0,83,37569259.24961001
2,4,0,84,26514197.74756
2,4,0,85,28325348.27962
2,4,0,86,22122398.548019998
2,4,0,87,20598337.531949997
2,4,0,88,1551497.8251699999
2,4,1,0,58035.30624
2,4,1,1,84225.87476
2,4,1,2,76808.29495
2,4,1,3,142631.92687
2,4,1,4,54995.351720000006
2,4,1,5,60287.00334
2,4,1,6,2151.052820000001
2,4,1,7,-8164.306760000001
2,4,1,8,-2749.638909999998
2,4,1,9,-2195.905620000005
2,4,1,10,-3362.0924400000004
2,4,1,11,-2441.3546499999975
2,4,1,12,-1354.2629899999883
2,4,1,13,19166.93211
2,4,1,14,-18845.081310000005
2,4,1,15,15583.86605
2,4,1,16,138109.14045
2,4,1,17,-382041.02439999994
2,4,1,18,691536.6441
2,4,1,19,808973.88652
2,4,1,20,738960.56932
2,4,1,21,307531.19255000004
2,4,1,22,349166.69162
2,4,1,23,295650.97945999994
2,4,1,24,330933.52831
2,4,1,25,207179.05165999997
2,4,1,26,156411.75165
2,4,1,27,180471.10116
2,4,1,28,200103.21199999997
2,4,1,29,142791.04447999998
2,4,1,30,48871.67225
2,4,1,31,20886.00184
2,4,1,32,85458.54324
2,4,1,33,91736.71932000002
2,4,1,34,105551.55224000002
2,4,1,35,5713549.16482
2,4,1,36,5833703.47828
2,4,1,37,5660192.034929999
2,4,1,38,5225218.077059999
2,4,1,39,644150.81061
2,4,1,40,971483.98776
2,4,1,41,3062844.72481
2,4,1,42,2859211.3778000004
2,4,1,43,569086.72132
2,4,1,44,599598.1116299999
2,4,1,45,562920.53855
2,4,1,46,1208731.81601
2,4,1,47,1327190.0008299998
2,4,1,48,1113510.76828
2,4,1,49,1141431.9404
2,4,1,50,1104874.9335100001
2,4,1,51,1275660.7028
2,4,1,52,651606.4117899999
2,4,1,53,922444.5849100001
2,4,1,54,721899.43715
2,4,1,55,1121760.21678
2,4,1,56,515612.74655000004
2,4,1,57,1005654.1647999999
2,4,1,58,614576.8937
2,4,1,59,594217.64792
2,4,1,60,612140.63563
2,4,1,61,596692.9160999999
2,4,1,62,565140.46636
2,4,1,63,443774.70978
2,4,1,64,1014205.37671
2,4,1,65,1097043.6296599999
2,4,1,66,198809.44327
2,4,1,67,919681.39599
2,4,1,68,755502.7295199999
2,4,1,69,793944.5155800001
2,4,1,70,283011.00399
2,4,1,71,661826.7778299999
2,4,1,72,1055012.94251
2,4,1,73,970074.0683099999
2,4,1,74,170796.82645999998
2,4,1,75,1931.80411
2,4,1,76,660719.0719
2,4,1,77,15334.80515
2,4,1,78,837733.57335
2,4,1,79,2151757.26403
2,4,1,80,2678545.02248
2,4,1,81,19132518.24369
2,4,1,82,19634495.617289998
2,4,1,83,18686952.128900003
2,4,1,84,12282096.37966
2,4,1,85,13291221.76314
2,4,1,86,9853034.10601
2,4,1,87,9012654.01357
2,4,1,88,332037.22347
2,4,2,0,601599.9870600001
2,4,2,1,-109.96546000000001
2,4,2,2,-154.75758000000002
2,4,2,3,21.91723999999998
2,4,2,4,-339.25469
2,4,2,5,648885.7524199999
2,4,2,6,-12228.55161
2,4,2,7,32310.626599999996
2,4,2,8,-800.9119099999989
2,4,2,9,-834.7679600000847
2,4,2,10,-1923.783850000007
2,4,2,11,-30716.92174999998
2,4,2,12,-14277.222500000003
2,4,2,13,-26106.61975
2,4,2,14,28237.16979
2,4,2,15,355444.63223
2,4,2,16,11354.139079999994
2,4,2,17,9954.20936
2,4,2,18,4465740.4477200005
2,4,2,19,4952385.364080001
2,4,2,20,4632428.93431
2,4,2,21,2736176.76655
2,4,2,22,2486254.88311
2,4,2,23,2588975.99298
2,4,2,24,2637861.64459
2,4,2,25,1805450.50831
2,4,2,26,1879498.86152
2,4,2,27,1838822.5516300001
2,4,2,28,2067565.14739
2,4,2,29,1763417.77999
2,4,2,30,1089133.91601
2,4,2,31,768763.1612099999
2,4,2,32,924050.0747
2,4,2,33,810846.59049
2,4,2,34,1116210.6658500002
2,4,2,35,7037353.24781
2,4,2,36,7192382.992400001
2,4,2,37,6995578.92277
2,4,2,38,6314735.5498
2,4,2,39,1499158.59584
2,4,2,40,1827306.04867
2,4,2,41,4430035.04241
2,4,2,42,4223999.62288
2,4,2,43,1403829.38519
2,4,2,44,1433972.88004
2,4,2,45,1374165.80626
2,4,2,46,2237877.87848
2,4,2,47,2406518.45492
2,4,2,48,5685884.96327
2,4,2,49,5748125.60218
2,4,2,50,5665786.97171
2,4,2,51,6138620.15864
2,4,2,52,4036655.2692600004
2,4,2,53,4788503.36461
2,4,2,54,4327846.4348
2,4,2,55,5570423.7977
2,4,2,56,3246895.87812
2,4,2,57,4953192.3225
2,4,2,58,1332016.6093
2,4,2,59,1295425.0309899999
2,4,2,60,1313659.0167100003
2,4,2,61,1282477.7403499999
2,4,2,62,1022657.65577
2,4,2,63,732270.23549
2,4,2,64,1400120.37557
2,4,2,65,1629651.25131
2,4,2,66,295460.95244
2,4,2,67,914648.87044
2,4,2,68,374108.83719999995
2,4,2,69,665097.0200199999
2,4,2,70,19116.91135
2,4,2,71,220710.60346
2,4,2,72,654423.65895
2,4,2,73,592823.1339599999
2,4,2,74,16709.429010000003
2,4,2,75,231270.11744
2,4,2,76,4275343.278120001
2,4,2,77,628993.48999
2,4,2,78,4924664.87048
2,4,2,79,4234379.95311
2,4,2,80,5178207.76839
2,4,2,81,23115459.38296
2,4,2,82,23631489.558989998
2,4,2,83,22781649.71794
2,4,2,84,12787221.03755
2,4,2,85,14604023.72328
2,4,2,86,9743878.51494
2,4,2,87,9360560.922749998
2,4,2,88,2072160.04323
2,4,3,0,962.3809900000001
2,4,3,1,249163.0509
2,4,3,2,236863.60774
2,4,3,3,316571.08440000005
2,4,3,4,203748.11135
2,4,3,5,865.18928
2,4,3,6,38519.789719999986
2,4,3,7,-3460.1108600000007
2,4,3,8,10292.74685
2,4,3,9,9067.5969
2,4,3,10,-2805.638650000001
2,4,3,11,-89.01154999999926
2,4,3,12,3444.457189999999
2,4,3,13,130702.43424999999
2,4,3,14,-3243.6334499999975
2,4,3,15,-2204.15721
2,4,3,16,1456.171330000001
2,4,3,17,-993.0036100000143
2,4,3,18,179776.82687
2,4,3,19,223383.94939999998
2,4,3,20,195253.48174999998
2,4,3,21,45494.26672
2,4,3,22,68894.79775999999
2,4,3,23,75769.63536999999
2,4,3,24,81220.58751999999
2,4,3,25,35640.6856
2,4,3,26,13465.502629999999
2,4,3,27,61655.271570000004
2,4,3,28,19507.69698
2,4,3,29,22584.77548
2,4,3,30,2381.8070599999996
2,4,3,31,1245.9575100000002
2,4,3,32,71668.25945999999
2,4,3,33,100941.08297999999
2,4,3,34,95716.16988
2,4,3,35,2714455.1935500004
2,4,3,36,2778392.16636
2,4,3,37,2680692.7310500005
2,4,3,38,2474847.88284
2,4,3,39,140186.81262
2,4,3,40,276951.05967
2,4,3,41,1227487.1123
2,4,3,42,1126571.8846
2,4,3,43,115979.29716999999
2,4,3,44,126540.44165
2,4,3,45,115193.46947
2,4,3,46,349070.06124
2,4,3,47,397372.81805999996
2,4,3,48,282869.64356
2,4,3,49,294416.71591
2,4,3,50,278773.51819000003
2,4,3,51,350438.4944
2,4,3,52,122393.52315999998
2,4,3,53,216342.89254
2,4,3,54,142895.37031
2,4,3,55,285103.30169
2,4,3,56,75297.88405999998
2,4,3,57,234553.60288999998
2,4,3,58,427787.19282999996
2,4,3,59,411030.17729
2,4,3,60,430830.14144
2,4,3,61,421845.54308
2,4,3,62,522396.03171
2,4,3,63,485768.40218000003
2,4,3,64,839935.3794900001
2,4,3,65,847819.3124299999
2,4,3,66,379201.83556
2,4,3,67,932887.79766
2,4,3,68,1007271.73909
2,4,3,69,928215.1109800001
2,4,3,70,596963.5996999999
2,4,3,71,996674.12168
2,4,3,72,1347782.41413
2,4,3,73,1266494.2629099998
2,4,3,74,462361.93831
2,4,3,75,21659.753220000002
2,4,3,76,782532.2130699999
2,4,3,77,37019.3256
2,4,3,78,986344.97962
2,4,3,79,1332098.85962
2,4,3,80,1677466.37444
2,4,3,81,12791427.42118
2,4,3,82,13172058.12071
2,4,3,83,12409342.58111
2,4,3,84,8835126.47989
2,4,3,85,9251176.998100001
2,4,3,86,7312937.19887
2,4,3,87,6427908.33459
2,4,3,88,48889.88772
2,4,4,0,162171.77909
2,4,4,1,251269.55925
2,4,4,2,242107.57487
2,4,4,3,308743.7525
2,4,4,4,196831.23251
2,4,4,5,201021.65819
2,4,4,6,28100.53925
2,4,4,7,2440.179980000001
2,4,4,8,5599.9438199999995
2,4,4,9,3559.79459
2,4,4,10,735.7658499999999
2,4,4,11,342.32142
2,4,4,12,764.5716600000001
2,4,4,13,121367.23106
2,4,4,14,-2649.5133700000006
2,4,4,15,77032.24533
2,4,4,16,-47459.29599000001
2,4,4,17,-151.38844999999947
2,4,4,18,443014.35244999995
2,4,4,19,526356.09738
2,4,4,20,475364.15215
2,4,4,21,267787.80169
2,4,4,22,164286.73499000003
2,4,4,23,107340.04917
2,4,4,24,124359.23563000001
2,4,4,25,79061.04022000001
2,4,4,26,171845.50678
2,4,4,27,30169.08383
2,4,4,28,200032.67575999998
2,4,4,29,59722.37289
2,4,4,30,39318.30102
2,4,4,31,9340.22657
2,4,4,32,1392.2832099999998
2,4,4,33,833.0103199999999
2,4,4,34,2394.9095500000003
2,4,4,35,8269776.6363200005
2,4,4,36,8467223.21934
2,4,4,37,8239371.92799
2,4,4,38,7614584.91393
2,4,4,39,1021936.0169100001
2,4,4,40,1313015.3463100002
2,4,4,41,5394240.73498
2,4,4,42,5219987.424980001
2,4,4,43,887479.6342000001
2,4,4,44,934143.6374400001
2,4,4,45,885531.11666
2,4,4,46,2304192.3376100003
2,4,4,47,2557054.69013
2,4,4,48,922041.2595200001
2,4,4,49,923271.0210599999
2,4,4,50,926040.15417
2,4,4,51,974006.6657
2,4,4,52,647045.54058
2,4,4,53,710858.8885400001
2,4,4,54,723838.1528700001
2,4,4,55,891780.17912
2,4,4,56,640428.61517
2,4,4,57,822893.4061799999
2,4,4,58,2799732.27603
2,4,4,59,2735948.65028
2,4,4,60,2798690.63977
2,4,4,61,2753454.3856200003
2,4,4,62,2741240.91587
2,4,4,63,2356077.41052
2,4,4,64,4122749.1786599997
2,4,4,65,4310904.30294
2,4,4,66,1346328.57468
2,4,4,67,3917953.24907
2,4,4,68,3325121.07275
2,4,4,69,3537714.4629100002
2,4,4,70,1426240.5675400002
2,4,4,71,2932926.33851
2,4,4,72,4259474.61871
2,4,4,73,4010455.20404
2,4,4,74,1072250.7337
2,4,4,75,12274.56551
2,4,4,76,535836.86892
2,4,4,77,27473.47327
2,4,4,78,698371.69985
2,4,4,79,6508522.09915
2,4,4,80,7635478.16141
2,4,4,81,35842697.78672
2,4,4,82,36657369.06361
2,4,4,83,35048862.84584
2,4,4,84,25895341.380549997
2,4,4,85,27255988.93665
2,4,4,86,21944423.61062
2,4,4,87,20189389.1134
2,4,4,88,990387.4607
2,4,5,0,437357.3218
2,4,5,1,-808.01236
2,4,5,2,-823.3381299999999
2,4,5,3,121.0994
2,4,5,4,-1226.9716600000002
2,4,5,5,487438.84572000004
2,4,5,6,-1041817.90222
2,4,5,7,12452.768960000001
2,4,5,8,-5235.616140000002
2,4,5,9,-3776.6333400000003
2,4,5,10,-1782.588099999999
2,4,5,11,-1295.1971900000062
2,4,5,12,-908.6629500000126
2,4,5,13,-3310.59843
2,4,5,14,10741.257100000017
2,4,5,15,253263.85441
2,4,5,16,3110.2229999999995
2,4,5,17,2566.523800000001
2,4,5,18,3352209.66777
2,4,5,19,3748049.32726
2,4,5,20,3485172.85644
2,4,5,21,2040235.21643
2,4,5,22,1728386.62841
2,4,5,23,1797651.166
2,4,5,24,1828235.19448
2,4,5,25,1205791.3017499999
2,4,5,26,1386359.2079699999
2,4,5,27,1199227.3027699997
2,4,5,28,1521961.58978
2,4,5,29,1201008.8707699997
2,4,5,30,741346.7746
2,4,5,31,489744.99842
2,4,5,32,529923.51333
2,4,5,33,450229.20738
2,4,5,34,666103.45938
2,4,5,35,6556688.52532
2,4,5,36,6713748.389970001
2,4,5,37,6524434.84691
2,4,5,38,5874176.52628
2,4,5,39,1204500.5731
2,4,5,40,1463529.12192
2,4,5,41,4189925.68858
2,4,5,42,4018506.16097
2,4,5,43,1110933.8088999998
2,4,5,44,1139708.8063199997
2,4,5,45,1088340.4929599997
2,4,5,46,2002576.36279
2,4,5,47,2178573.1033799998
2,4,5,48,4431033.939490001
2,4,5,49,4469359.837
2,4,5,50,4420973.82416
2,4,5,51,4759106.617
2,4,5,52,3140151.05621
2,4,5,53,3653315.8442900004
2,4,5,54,3389100.93741
2,4,5,55,4310537.83175
2,4,5,56,2553233.70998
2,4,5,57,3810969.79505
2,4,5,58,1583586.0253299999
2,4,5,59,1540247.51315
2,4,5,60,1566446.03286
2,4,5,61,1531601.55956
2,4,5,62,1295503.28829
2,4,5,63,970091.67921
2,4,5,64,1780425.3930799998
2,4,5,65,2021891.46764
2,4,5,66,431438.89937
2,4,5,67,1268097.29198
2,4,5,68,619892.3192799999
2,4,5,69,976811.4366299999
2,4,5,70,60532.83211
2,4,5,71,407607.69833
2,4,5,72,1011487.34995
2,4,5,73,926303.8339099999
2,4,5,74,52483.14448
2,4,5,75,170650.26362
2,4,5,76,3554896.1582700005
2,4,5,77,474715.65933
2,4,5,78,4142920.7471999996
2,4,5,79,4731431.02719
2,4,5,80,5748753.49601
2,4,5,81,25029047.707069997
2,4,5,82,25590521.954219997
2,4,5,83,24629621.54393
2,4,5,84,14562904.29835
2,4,5,85,16360470.478810001
2,4,5,86,11347727.092869999
2,4,5,87,10788397.70731
2,4,5,88,1845956.1040899998
2,4,6,0,36857.982729999996
2,4,6,1,4596716.477639999
2,4,6,2,4518173.90341
2,4,6,3,5173044.392519999
2,4,6,4,4212320.89507
2,4,6,5,39555.93848
2,4,6,6,2254109.1261899997
2,4,6,7,183237.32541999998
2,4,6,8,1317410.87481
2,4,6,9,1215950.2313099997
2,4,6,10,678183.1779100001
2,4,6,11,721228.14448
2,4,6,12,898772.5342700001
2,4,6,13,3559315.18593
2,4,6,14,207091.62225000001
2,4,6,15,44356.056509999995
2,4,6,16,479122.76136999996
2,4,6,17,354370.98008999997
2,4,6,18,-15332.416749999997
2,4,6,19,-4229.25165
2,4,6,20,-7603.990020000002
2,4,6,21,-8861.59109
2,4,6,22,-15707.50346
2,4,6,23,-245405.93763
2,4,6,24,-22343.54587
2,4,6,25,-135.2403999999999
2,4,6,26,-174644.60248999996
2,4,6,27,-67809.29185000015
2,4,6,28,-13279.90138
2,4,6,29,-2077.1240499999985
2,4,6,30,-12482.42428
2,4,6,31,-4891.460529999997
2,4,6,32,-53584.394160000025
2,4,6,33,102186.75695999998
2,4,6,34,37880.78488000005
2,4,6,35,4390363.156649999
2,4,6,36,4471814.24497
2,4,6,37,4357524.014769999
2,4,6,38,4251868.80394
2,4,6,39,400402.53346999997
2,4,6,40,621169.79883
2,4,6,41,2586516.5664399997
2,4,6,42,2492011.04166
2,4,6,43,337748.96039
2,4,6,44,365367.92524
2,4,6,45,349087.64204
2,4,6,46,1000868.60751
2,4,6,47,1112055.5249199998
2,4,6,48,13.51518999999999
2,4,6,49,-5.158729999999991
2,4,6,50,23.26930999999999
2,4,6,51,62.77632
2,4,6,52,3519.34722
2,4,6,53,26.56662
2,4,6,54,3753.2453100000002
2,4,6,55,107.55155000000002
2,4,6,56,1706.7790300000001
2,4,6,57,172.06779
2,4,6,58,3314526.9643
2,4,6,59,3253594.70976
2,4,6,60,3361353.71142
2,4,6,61,3345009.5538
2,4,6,62,4420306.25422
2,4,6,63,4696852.75915
2,4,6,64,5863286.17153
2,4,6,65,5522635.43924
2,4,6,66,4763206.045609999
2,4,6,67,7425739.94262
2,4,6,68,9452784.865139998
2,4,6,69,8005592.36126
2,4,6,70,8292811.85618
2,4,6,71,9991922.97357
2,4,6,72,10646288.09929
2,4,6,73,10339072.923619999
2,4,6,74,7173457.785559999
2,4,6,75,464282.38872
2,4,6,76,553801.98224
2,4,6,77,245570.42407
2,4,6,78,685555.04822
2,4,6,79,4711217.91343
2,4,6,80,5244094.66166
2,4,6,81,23102946.59912
2,4,6,82,23700940.15301
2,4,6,83,22312323.32546
2,4,6,84,22058862.384979997
2,4,6,85,21252366.60811
2,4,6,86,20717925.166249998
2,4,6,87,18002764.62253
2,4,6,88,119530.02899
2,4,7,0,106521.73683000001
2,4,7,1,1989805.2547099998
2,4,7,2,1955218.55738
2,4,7,3,2278114.66398
2,4,7,4,1766560.4632299999
2,4,7,5,188021.83566999997
2,4,7,6,715023.3501200001
2,4,7,7,39841.84011
2,4,7,8,362154.40053
2,4,7,9,311881.21751000005
2,4,7,10,159922.66726
2,4,7,11,150252.63509
2,4,7,12,195327.81463999997
2,4,7,13,1430741.78994
2,4,7,14,43555.35576
2,4,7,15,89141.05815
2,4,7,16,70970.57853
2,4,7,17,91408.94437000001
2,4,7,18,13527.240780000002
2,4,7,19,18995.47928
2,4,7,20,15805.946909999997
2,4,7,21,10683.228460000002
2,4,7,22,1429.5769199999995
2,4,7,23,-15229.362190000014
2,4,7,24,-5426.59115
2,4,7,25,131.7077900000004
2,4,7,26,11081.919399999999
2,4,7,27,-36663.328890000004
2,4,7,28,9787.753599999996
2,4,7,29,-2398.7821299999996
2,4,7,30,-6673.618000000002
2,4,7,31,-4394.57686999999
2,4,7,32,-1045.4048100000002
2,4,7,33,4.484380000000002
2,4,7,34,-1515.9992399999996
2,4,7,35,7279750.35329
2,4,7,36,7449960.805950001
2,4,7,37,7260393.10634
2,4,7,38,6860279.786619999
2,4,7,39,774584.93385
2,4,7,40,1005374.9172100001
2,4,7,41,4930874.922920001
2,4,7,42,4831264.100699999
2,4,7,43,653957.82345
2,4,7,44,697755.68748
2,4,7,45,664617.98208
2,4,7,46,2047145.5538499998
2,4,7,47,2290432.3013600004
2,4,7,48,81844.37477
2,4,7,49,79153.57826
2,4,7,50,84075.24882999998
2,4,7,51,78313.45452999999
2,4,7,52,66028.80077999999
2,4,7,53,52429.58471999999
2,4,7,54,79996.44039999999
2,4,7,55,75215.06888
2,4,7,56,106234.04654
2,4,7,57,76869.06259999999
2,4,7,58,4801039.86403
2,4,7,59,4709698.795890001
2,4,7,60,4833493.545609999
2,4,7,61,4787006.717180001
2,4,7,62,5471480.984990001
2,4,7,63,5278457.259339999
2,4,7,64,7573330.386840001
2,4,7,65,7498587.89517
2,4,7,66,4164390.1590400003
2,4,7,67,8337213.526930001
2,4,7,68,8773473.39685
2,4,7,69,8285433.377189999
2,4,7,70,5749116.559580001
2,4,7,71,8548480.734509999
2,4,7,72,10350583.00862
2,4,7,73,9940338.479479998
2,4,7,74,4806200.3403
2,4,7,75,139630.05469000002
2,4,7,76,370113.29724000004
2,4,7,77,84007.01505999999
2,4,7,78,489309.71084
2,4,7,79,8345539.27691
2,4,7,80,9446022.529739998
2,4,7,81,38530148.77532
2,4,7,82,39411520.804960005
2,4,7,83,37494237.1106
2,4,7,84,32612187.50913
2,4,7,85,32741105.67437
2,4,7,86,29393906.83129
2,4,7,87,26403606.3596
2,4,7,88,697289.71886
2,4,8,0,298040.70138
2,4,8,1,1446449.81547
2,4,8,2,1422009.39226
2,4,8,3,1654445.88119
2,4,8,4,1262861.24019
2,4,8,5,361338.74384999997
2,4,8,6,445875.93593
2,4,8,7,40736.935229999995
2,4,8,8,222410.78804
2,4,8,9,184543.77560000002
2,4,8,10,103602.49223999999
2,4,8,11,85916.15353000001
2,4,8,12,107856.03215999999
2,4,8,13,999032.3607200001
2,4,8,14,43338.12114
2,4,8,15,220507.66051999998
2,4,8,16,34154.76396
2,4,8,17,77195.13743
2,4,8,18,148689.19032
2,4,8,19,246179.82278
2,4,8,20,170745.87370999999
2,4,8,21,124221.14074999999
2,4,8,22,38212.126419999986
2,4,8,23,6953.716070000002
2,4,8,24,14267.738110000002
2,4,8,25,14871.500900000001
2,4,8,26,99893.07755000002
2,4,8,27,-146929.76009
2,4,8,28,114704.27740999997
2,4,8,29,10097.84461000003
2,4,8,30,11447.88119
2,4,8,31,-5242.3986
2,4,8,32,-645228.76762
2,4,8,33,-119468.11061
2,4,8,34,-60172.81925000006
2,4,8,35,10478465.59143
2,4,8,36,10722288.083989998
2,4,8,37,10464741.25536
2,4,8,38,9818145.046039999
2,4,8,39,1436237.80513
2,4,8,40,1728461.9046800002
2,4,8,41,7506192.75972
2,4,8,42,7382892.59746
2,4,8,43,1242782.4900600002
2,4,8,44,1309105.3731600002
2,4,8,45,1253475.1491
2,4,8,46,3406339.57001
2,4,8,47,3775044.6683099996
2,4,8,48,417362.68007
2,4,8,49,408019.06226
2,4,8,50,425020.45877
2,4,8,51,402540.94775
2,4,8,52,359988.00966000004
2,4,8,53,305151.10283999995
2,4,8,54,405628.1132
2,4,8,55,391498.76747
2,4,8,56,469287.48633
2,4,8,57,389124.38945
2,4,8,58,6183004.54308
2,4,8,59,6071285.287060001
2,4,8,60,6204465.428040001
2,4,8,61,6136061.431450001
2,4,8,62,6536861.9461
2,4,8,63,6043739.563100001
2,4,8,64,9145005.92068
2,4,8,65,9252374.985969998
2,4,8,66,4238297.602229999
2,4,8,67,9431436.43755
2,4,8,68,9058318.459879998
2,4,8,69,9011564.56914
2,4,8,70,5183571.026020001
2,4,8,71,8477668.60245
2,4,8,72,10830856.99493
2,4,8,73,10356492.228199998
2,4,8,74,4241292.69628
2,4,8,75,105097.72456
2,4,8,76,406021.01427
2,4,8,77,81578.86533
2,4,8,78,534265.53925
2,4,8,79,11324015.02936
2,4,8,80,12828308.68974
2,4,8,81,49938175.160129994
2,4,8,82,51003340.36745
2,4,8,83,48760245.28669
2,4,8,84,40441758.6908
2,4,8,85,41283652.58515
2,4,8,86,35899004.01653
2,4,8,87,32783655.213320002
2,4,8,88,1452516.89084
2,4,9,0,619.0472000000001
2,4,9,1,2366889.03281
2,4,9,2,2311443.5631
2,4,9,3,2722707.5363099994
2,4,9,4,2144337.02023
2,4,9,5,440.29425
2,4,9,6,1106657.59108
2,4,9,7,43158.835139999996
2,4,9,8,584092.50536
2,4,9,9,545772.24705
2,4,9,10,257444.17018
2,4,9,11,302023.13642
2,4,9,12,398837.87068000005
2,4,9,13,1746644.3007800002
2,4,9,14,53307.46949
2,4,9,15,715.40709
2,4,9,16,221469.63924999998
2,4,9,17,100291.76604000002
2,4,9,18,778.5959999999905
2,4,9,19,3058.6238200000007
2,4,9,20,1868.672709999999
2,4,9,21,-1877194.6055100001
2,4,9,22,772.6304700000037
2,4,9,23,27524.160910000002
2,4,9,24,1075.3709899999994
2,4,9,25,752.5457100000001
2,4,9,26,-52030.13300000001
2,4,9,27,9001.816060000001
2,4,9,28,-29077.47599
2,4,9,29,-3547.2122999999992
2,4,9,30,-10077.768390000005
2,4,9,31,-28960.20993000004
2,4,9,32,114975.98790999998
2,4,9,33,223258.12588
2,4,9,34,134296.79689999996
2,4,9,35,2202162.50903
2,4,9,36,2243766.03697
2,4,9,37,2171373.8570600003
2,4,9,38,2104440.9872600003
2,4,9,39,99398.14118
2,4,9,40,221710.97802999997
2,4,9,41,976028.3474300001
2,4,9,42,901676.62037
2,4,9,43,80182.56387
2,4,9,44,89759.31171000001
2,4,9,45,83093.45293000001
2,4,9,46,271816.40807999996
2,4,9,47,308152.01379
2,4,9,48,2936.48106
2,4,9,49,3453.8487799999994
2,4,9,50,2582.43571
2,4,9,51,3663.4060799999997
2,4,9,52,10080.920429999998
2,4,9,53,1116.6209099999999
2,4,9,54,40021.73505
2,4,9,55,5506.3503599999995
2,4,9,56,-57.66132999999991
2,4,9,57,1415.4628899999998
2,4,9,58,1031323.6848500001
2,4,9,59,1004281.15514
2,4,9,60,1051178.82492
2,4,9,61,1044740.1178799999
2,4,9,62,1558311.8513899997
2,4,9,63,1722912.65124
2,4,9,64,2123865.88831
2,4,9,65,1959515.37109
2,4,9,66,1956626.32906
2,4,9,67,2898465.05457
2,4,9,68,4031093.35143
2,4,9,69,3248429.00751
2,4,9,70,3779994.2521
2,4,9,71,4408644.42471
2,4,9,72,4655069.9495
2,4,9,73,4509077.860570001
2,4,9,74,3264497.83316
2,4,9,75,249404.72801
2,4,9,76,735235.9058000001
2,4,9,77,159548.10478
2,4,9,78,906238.6409800001
2,4,9,79,1674957.8433899998
2,4,9,80,1951266.86664
2,4,9,81,12106271.376
2,4,9,82,12477922.48658
2,4,9,83,11640951.395239998
2,4,9,84,10864718.16708
2,4,9,85,10522041.11282
2,4,9,86,9956564.96266
2,4,9,87,8444000.55507
2,4,9,88,4773.04804
2,4,10,0,46856.689159999994
2,4,10,1,478327.39761
2,4,10,2,460789.56737999996
2,4,10,3,580130.49919
2,4,10,4,389371.55971
2,4,10,5,55681.50724
2,4,10,6,84999.27742
2,4,10,7,96390.96796000001
2,4,10,8,20960.95821
2,4,10,9,15687.98574
2,4,10,10,3695.2076300000003
2,4,10,11,2289.0160899999996
2,4,10,12,4867.913170000001
2,4,10,13,252608.84259000001
2,4,10,14,216048.54163
2,4,10,15,18888.591010000004
2,4,10,16,5714.83107
2,4,10,17,27624.9986
2,4,10,18,158386.50399
2,4,10,19,286589.28744000004
2,4,10,20,197186.72952
2,4,10,21,56002.38238000001
2,4,10,22,45339.98881
2,4,10,23,10598.645550000001
2,4,10,24,28600.293069999992
2,4,10,25,16962.72431
2,4,10,26,11051.060139999987
2,4,10,27,5257.530819999999
2,4,10,28,26973.04745
2,4,10,29,3124.3627300000007
2,4,10,30,-2351.0607999999993
2,4,10,31,-9854.623630000002
2,4,10,32,2025.2431900000004
2,4,10,33,1590.33032
2,4,10,34,3743.3081
2,4,10,35,6517862.10487
2,4,10,36,6666325.2979500005
2,4,10,37,6478314.93699
2,4,10,38,6039646.9976699995
2,4,10,39,636322.19449
2,4,10,40,915099.60157
2,4,10,41,3886422.86585
2,4,10,42,3715118.18751
2,4,10,43,541662.6090500001
2,4,10,44,577650.68595
2,4,10,45,543143.2667800001
2,4,10,46,1513627.78193
2,4,10,47,1688139.6024399998
2,4,10,48,349706.9803599999
2,4,10,49,354451.7008
2,4,10,50,349947.18836000003
2,4,10,51,388922.36287
2,4,10,52,208904.05010000002
2,4,10,53,265109.13622
2,4,10,54,240833.91459
2,4,10,55,345832.1018
2,4,10,56,208279.55378
2,4,10,57,321392.6786599999
2,4,10,58,1829074.2366799999
2,4,10,59,1783955.0425800001
2,4,10,60,1835009.74
2,4,10,61,1805963.1099899998
2,4,10,62,1931720.9515699998
2,4,10,63,1729155.8771800003
2,4,10,64,3027328.4347599996
2,4,10,65,3095642.58142
2,4,10,66,1098269.8954699999
2,4,10,67,3127263.95774
2,4,10,68,3040773.64162
2,4,10,69,2951970.91524
2,4,10,70,1638092.9447
2,4,10,71,2857219.65349
2,4,10,72,3795388.98747
2,4,10,73,3584427.23708
2,4,10,74,1218063.2533600002
2,4,10,75,4997.938
2,4,10,76,284906.11552999995
2,4,10,77,6721.98563
2,4,10,78,390088.28654
2,4,10,79,4285975.19039
2,4,10,80,5064186.81327
2,4,10,81,27871564.24138
2,4,10,82,28557935.4479
2,4,10,83,27162725.01732
2,4,10,84,20787035.063309997
2,4,10,85,21583069.24756
2,4,10,86,17777041.10597
2,4,10,87,16085094.076569999
2,4,10,88,380597.05102
2,4,11,0,475.21525
2,4,11,1,1722921.67111
2,4,11,2,1689946.5121199999
2,4,11,3,2001582.6837900002
2,4,11,4,1564293.70263
2,4,11,5,910.92787
2,4,11,6,762100.00911
2,4,11,7,30167.45027
2,4,11,8,396496.3279600001
2,4,11,9,361424.01932
2,4,11,10,173160.40813999998
2,4,11,11,197336.64758999998
2,4,11,12,261572.43839
2,4,11,13,1318282.78738
2,4,11,14,38248.434649999996
2,4,11,15,843.37658
2,4,11,16,153499.81416
2,4,11,17,76615.94289
2,4,11,18,799.25934
2,4,11,19,1514.07004
2,4,11,20,880.04181
2,4,11,21,37.06367
2,4,11,22,-4674.32086
2,4,11,23,213.31170999999995
2,4,11,24,-358.37400999999954
2,4,11,25,-323706.36616000003
2,4,11,26,-460.27822000000015
2,4,11,27,-1115.0247400000007
2,4,11,28,-1036.4059499999998
2,4,11,29,-1387.2225499999986
2,4,11,30,-92309.60265
2,4,11,31,-7935.490720000002
2,4,11,32,30362.275009999998
2,4,11,33,66352.40582000001
2,4,11,34,43470.49209
2,4,11,35,2005929.87696
2,4,11,36,2059519.07942
2,4,11,37,1989435.5430299998
2,4,11,38,1882506.46175
2,4,11,39,61835.33888999999
2,4,11,40,123101.92056000001
2,4,11,41,1049448.68602
2,4,11,42,1007506.4487000001
2,4,11,43,45816.98885
2,4,11,44,52254.13995
2,4,11,45,47776.06191
2,4,11,46,277056.69414000004
2,4,11,47,327137.80273
2,4,11,48,2399.9459300000003
2,4,11,49,2466.9399900000003
2,4,11,50,2399.10161
2,4,11,51,3562.03456
2,4,11,52,456.35383
2,4,11,53,752.63898
2,4,11,54,745.4646299999999
2,4,11,55,1912.47655
2,4,11,56,334.67814999999996
2,4,11,57,953.2846799999999
2,4,11,58,1900405.63941
2,4,11,59,1852501.5814399999
2,4,11,60,1926648.69326
2,4,11,61,1911799.87668
2,4,11,62,2601875.9164899997
2,4,11,63,2733087.6050199997
2,4,11,64,3367882.79911
2,4,11,65,3197950.63763
2,4,11,66,2785451.0741500002
2,4,11,67,4170357.62036
2,4,11,68,5053067.92503
2,4,11,69,4481876.277579999
2,4,11,70,3930303.83198
2,4,11,71,5228627.2758599995
2,4,11,72,6039741.596449999
2,4,11,73,5838808.19012
2,4,11,74,3542635.7131499997
2,4,11,75,301784.10193
2,4,11,76,1022694.17132
2,4,11,77,222584.06769
2,4,11,78,1261636.54514
2,4,11,79,3165480.5285400003
2,4,11,80,3660110.4842499997
2,4,11,81,16644587.37865
2,4,11,82,17110850.456469998
2,4,11,83,16068330.007009998
2,4,11,84,14601922.44548
2,4,11,85,14302613.131889999
2,4,11,86,13342349.521729998
2,4,11,87,11497916.497859998
2,4,11,88,50140.22183
2,4,12,0,350.50600999999983
2,4,12,1,1376471.4263600002
2,4,12,2,1348846.0092799999
2,4,12,3,1612634.3943
2,4,12,4,1245545.2112500002
2,4,12,5,630.89543
2,4,12,6,591361.09847
2,4,12,7,19180.681040000003
2,4,12,8,297627.17325
2,4,12,9,270706.37610999995
2,4,12,10,124098.61211
2,4,12,11,144681.44546000002
2,4,12,12,195098.27864
2,4,12,13,1045596.8141500001
2,4,12,14,25213.54088
2,4,12,15,5493.94984
2,4,12,16,118516.71221
2,4,12,17,52274.39848999999
2,4,12,18,2623.43629
2,4,12,19,4555.12709
2,4,12,20,2956.79182
2,4,12,21,185.76314
2,4,12,22,3167.443
2,4,12,23,20848.47192
2,4,12,24,669.3477900000007
2,4,12,25,-131673.66087000002
2,4,12,26,-82.72773999999993
2,4,12,27,359.92139999999927
2,4,12,28,-240.84724000000006
2,4,12,29,-2557.7081099999923
2,4,12,30,-985.2346600000001
2,4,12,31,-876.9475700000185
2,4,12,32,32513.15752999999
2,4,12,33,67243.99801000001
2,4,12,34,49208.73820000001
2,4,12,35,1775070.82337
2,4,12,36,1825108.73666
2,4,12,37,1759849.4301800001
2,4,12,38,1652912.3963600001
2,4,12,39,43280.03253
2,4,12,40,92382.35992999999
2,4,12,41,900835.05993
2,4,12,42,862594.41756
2,4,12,43,31050.72806
2,4,12,44,35876.98207
2,4,12,45,32345.71344
2,4,12,46,219255.18706000003
2,4,12,47,262221.50758
2,4,12,48,5830.48698
2,4,12,49,5983.16363
2,4,12,50,5811.57924
2,4,12,51,8154.326779999999
2,4,12,52,1249.50542
2,4,12,53,2031.1244800000004
2,4,12,54,1923.33912
2,4,12,55,4795.00846
2,4,12,56,650.8059700000001
2,4,12,57,2457.6056700000004
2,4,12,58,1671534.02135
2,4,12,59,1626869.89472
2,4,12,60,1694224.9906600004
2,4,12,61,1679867.70436
2,4,12,62,2293976.25289
2,4,12,63,2399588.56885
2,4,12,64,2962460.31694
2,4,12,65,2821025.51577
2,4,12,66,2440793.4517200002
2,4,12,67,3643091.89083
2,4,12,68,4360821.86456
2,4,12,69,3907677.21883
2,4,12,70,3297395.9225800005
2,4,12,71,4489825.74895
2,4,12,72,5283885.959749999
2,4,12,73,5101493.45745
2,4,12,74,2994356.8013100005
2,4,12,75,274140.73656999995
2,4,12,76,1118349.92853
2,4,12,77,217641.45481000002
2,4,12,78,1377483.45463
2,4,12,79,2901202.3726500003
2,4,12,80,3383258.25343
2,4,12,81,15647939.63869
2,4,12,82,16092511.963240001
2,4,12,83,15108077.5685
2,4,12,84,13425469.672310002
2,4,12,85,13215783.998850001
2,4,12,86,12173214.78124
2,4,12,87,10481715.8188
2,4,12,88,44802.17417
2,4,13,0,47252.98608
2,4,13,1,522236.54687
2,4,13,2,500457.59221999993
2,4,13,3,631132.5939699999
2,4,13,4,421893.93056999997
2,4,13,5,51093.98693000001
2,4,13,6,94117.38594
2,4,13,7,-1998.36139
2,4,13,8,22076.042590000005
2,4,13,9,17062.084770000005
2,4,13,10,2274.2497900000003
2,4,13,11,2104.2921399999996
2,4,13,12,4867.56318
2,4,13,13,259994.74061
2,4,13,14,-276.45760999999993
2,4,13,15,15075.29978
2,4,13,16,278.8121700000001
2,4,13,17,171.86292999999998
2,4,13,18,219582.09958
2,4,13,19,452578.25451
2,4,13,20,332130.12711
2,4,13,21,60267.20594
2,4,13,22,69400.14107
2,4,13,23,29171.06871999999
2,4,13,24,43672.668519999985
2,4,13,25,30807.74062
2,4,13,26,25511.043350000004
2,4,13,27,9728.758499999996
2,4,13,28,38989.292819999995
2,4,13,29,10217.79078000001
2,4,13,30,-67.69367000000057
2,4,13,31,-46114.45392
2,4,13,32,76215.15367999999
2,4,13,33,12805.58316
2,4,13,34,47972.29181000001
2,4,13,35,6931249.16266
2,4,13,36,7074177.12892
2,4,13,37,6877560.83063
2,4,13,38,6447951.28798
2,4,13,39,727187.1476200001
2,4,13,40,1085547.5528999998
2,4,13,41,3946495.5424300004
2,4,13,42,3732116.0596600003
2,4,13,43,626984.67229
2,4,13,44,667456.97771
2,4,13,45,628189.9557200001
2,4,13,46,1562525.9376599998
2,4,13,47,1725689.1679099998
2,4,13,48,377634.09619999997
2,4,13,49,387358.77988
2,4,13,50,375801.44184999994
2,4,13,51,435518.90377
2,4,13,52,211825.64244000003
2,4,13,53,305473.47429999994
2,4,13,54,241731.46888
2,4,13,55,385745.74172999995
2,4,13,56,203729.44415
2,4,13,57,366348.58291999996
2,4,13,58,1309120.66823
2,4,13,59,1275699.95403
2,4,13,60,1313387.6306999999
2,4,13,61,1290690.0316599999
2,4,13,62,1367477.1241699997
2,4,13,63,1210109.3043499999
2,4,13,64,2298504.30296
2,4,13,65,2354792.9738900005
2,4,13,66,729825.16312
2,4,13,67,2405054.70489
2,4,13,68,2426492.34255
2,4,13,69,2265198.90302
2,4,13,70,1390451.36733
2,4,13,71,2321085.60557
2,4,13,72,3001168.66997
2,4,13,73,2824141.3512
2,4,13,74,969266.82905
2,4,13,75,855.98924
2,4,13,76,185565.01707
2,4,13,77,1293.6344999999997
2,4,13,78,261857.72575
2,4,13,79,3306521.2634300003
2,4,13,80,3943588.9442000003
2,4,13,81,25190203.46776
2,4,13,82,25827943.150510002
2,4,13,83,24540103.799250003
2,4,13,84,18518601.54072
2,4,13,85,19293639.450870004
2,4,13,86,15702427.489039999
2,4,13,87,14196770.41763
2,4,13,88,280142.73699
2,4,14,0,387747.10571000003
2,4,14,1,2907159.86188
2,4,14,2,2850959.14672
2,4,14,3,3275946.8343899995
2,4,14,4,2567136.0784400003
2,4,14,5,386851.52597
2,4,14,6,1053985.3065199999
2,4,14,7,79220.62817000001
2,4,14,8,553149.4134
2,4,14,9,480755.62614000007
2,4,14,10,260055.78718
2,4,14,11,235204.2677
2,4,14,12,297117.24224000005
2,4,14,13,2014534.96856
2,4,14,14,80842.59556
2,4,14,15,252018.91966
2,4,14,16,90190.8392
2,4,14,17,154362.119
2,4,14,18,40974.86471
2,4,14,19,50320.019640000006
2,4,14,20,46290.9986
2,4,14,21,48163.46363
2,4,14,22,23558.35584
2,4,14,23,1770.612
2,4,14,24,4551.19451
2,4,14,25,4710.13018
2,4,14,26,47801.7408
2,4,14,27,-67922.79251
2,4,14,28,55666.31355
2,4,14,29,2131.9008200000026
2,4,14,30,8707.148209999998
2,4,14,31,-22934.767929999973
2,4,14,32,-949.5402499999999
2,4,14,33,174.43964
2,4,14,34,-1119.1345300000003
2,4,14,35,12440532.89303
2,4,14,36,12682610.19381
2,4,14,37,12397908.985380001
2,4,14,38,11825353.76468
2,4,14,39,1874794.05503
2,4,14,40,2382883.4231299995
2,4,14,41,8520142.9983
2,4,14,42,8297037.44438
2,4,14,43,1641134.1009300002
2,4,14,44,1729864.41297
2,4,14,45,1661393.14132
2,4,14,46,3999273.0259500006
2,4,14,47,4375828.65802
2,4,14,48,210066.26525
2,4,14,49,207348.91275000005
2,4,14,50,213634.25916000002
2,4,14,51,207773.40042000002
2,4,14,52,184898.76159000004
2,4,14,53,172053.81990000003
2,4,14,54,206787.26354
2,4,14,55,209929.86768
2,4,14,56,292125.40341
2,4,14,57,236283.93841
2,4,14,58,5748965.5954599995
2,4,14,59,5655421.54219
2,4,14,60,5780831.2038199995
2,4,14,61,5724858.5006
2,4,14,62,6252824.15877
2,4,14,63,5930130.8881399995
2,4,14,64,9060423.09038
2,4,14,65,9029865.70547
2,4,14,66,4360761.43301
2,4,14,67,9865528.8087
2,4,14,68,10420724.992180001
2,4,14,69,9656595.69176
2,4,14,70,7089170.86148
2,4,14,71,10186428.551299999
2,4,14,72,11973299.60961
2,4,14,73,11483514.44333
2,4,14,74,5607967.75732
2,4,14,75,84520.89946
2,4,14,76,112368.25646
2,4,14,77,35335.73328
2,4,14,78,160736.79084
2,4,14,79,9975237.34948
2,4,14,80,11191638.84249
2,4,14,81,48327859.04727999
2,4,14,82,49380178.172419995
2,4,14,83,47107894.31524
2,4,14,84,40832525.83922999
2,4,14,85,41179501.09832999
2,4,14,86,36702139.90175
2,4,14,87,33315512.095550004
2,4,14,88,1076464.8269999998
2,4,15,0,1161.4272499999997
2,4,15,1,2169463.6871399996
2,4,15,2,2134400.0732600004
2,4,15,3,2497090.00896
2,4,15,4,1993752.2447199998
2,4,15,5,2032.4952899999998
2,4,15,6,1043443.91941
2,4,15,7,66592.19725000001
2,4,15,8,584653.09497
2,4,15,9,537558.66651
2,4,15,10,284769.16112999996
2,4,15,11,318861.51113
2,4,15,12,407136.19466000004
2,4,15,13,1730662.2623
2,4,15,14,80992.02726999999
2,4,15,15,2868.01393
2,4,15,16,260778.52323
2,4,15,17,144458.87265
2,4,15,18,-2008.860700000001
2,4,15,19,225.7272099999991
2,4,15,20,-1600.0934500000003
2,4,15,21,-1125.1595499999999
2,4,15,22,-4803.84782
2,4,15,23,-1578.9211099999993
2,4,15,24,-1960.40899
2,4,15,25,-3520.9957799999993
2,4,15,26,-133.4722700000001
2,4,15,27,-6134.088230000001
2,4,15,28,-1342.0750099999998
2,4,15,29,-742.6875200000068
2,4,15,30,-84.67412999999942
2,4,15,31,121.10262000000012
2,4,15,32,40242.38768
2,4,15,33,3506189.49764
2,4,15,34,49703.27826999998
2,4,15,35,1837984.48069
2,4,15,36,1888481.4357099999
2,4,15,37,1824903.08408
2,4,15,38,1733841.3259500002
2,4,15,39,55901.06179
2,4,15,40,106523.82595
2,4,15,41,1002937.77512
2,4,15,42,973420.1663700001
2,4,15,43,41137.19991
2,4,15,44,46958.063350000004
2,4,15,45,43282.43477
2,4,15,46,268434.33408
2,4,15,47,318133.16148
2,4,15,48,27276.25187
2,4,15,49,45128.59743
2,4,15,50,19996.16502
2,4,15,51,15473.628350000003
2,4,15,52,-106.7309499999999
2,4,15,53,231378.29177
2,4,15,54,635.8325899999999
2,4,15,55,134630.87278999996
2,4,15,56,198.98270999999994
2,4,15,57,14504.207120000001
2,4,15,58,2381161.00849
2,4,15,59,2324647.26662
2,4,15,60,2414413.21711
2,4,15,61,2398885.5314300004
2,4,15,62,3275343.6462899996
2,4,15,63,3471792.77146
2,4,15,64,4099933.0059
2,4,15,65,3876365.9015800003
2,4,15,66,3629474.73203
2,4,15,67,5093867.17501
2,4,15,68,6183050.27035
2,4,15,69,5507563.03907
2,4,15,70,4900768.85706
2,4,15,71,6407823.121480001
2,4,15,72,7332022.329399999
2,4,15,73,7110170.7459
2,4,15,74,4511298.27891
2,4,15,75,479806.39714
2,4,15,76,1295681.03964
2,4,15,77,354388.85334999993
2,4,15,78,1574215.5462500004
2,4,15,79,3694216.71647
2,4,15,80,4223721.97951
2,4,15,81,17233410.80316
2,4,15,82,17708802.38815
2,4,15,83,16628861.669669999
2,4,15,84,15618606.332519999
2,4,15,85,15166059.154019998
2,4,15,86,14466191.866889998
2,4,15,87,12442786.395209998
2,4,15,88,66725.24518
2,4,16,0,188721.06155
2,4,16,1,934251.72214
2,4,16,2,897547.94779
2,4,16,3,1091552.4863500001
2,4,16,4,765704.0707
2,4,16,5,716412.27726
2,4,16,6,205133.25778
2,4,16,7,2074.85377
2,4,16,8,65208.204410000006
2,4,16,9,53555.28478
2,4,16,10,13782.087560000002
2,4,16,11,11912.65451
2,4,16,12,20049.69211
2,4,16,13,478574.91342000006
2,4,16,14,834.1907999999999
2,4,16,15,76109.99849
2,4,16,16,2013.1345300000003
2,4,16,17,2984.5571499999996
2,4,16,18,237418.52661
2,4,16,19,282292.92301
2,4,16,20,261928.446
2,4,16,21,120659.65197
2,4,16,22,160317.83940000003
2,4,16,23,63670.66338999999
2,4,16,24,92758.25920999999
2,4,16,25,82508.77034000002
2,4,16,26,66690.34818999999
2,4,16,27,24428.69844
2,4,16,28,96233.91956999997
2,4,16,29,26210.500269999997
2,4,16,30,11552.595929999996
2,4,16,31,-15390.577179999993
2,4,16,32,7911.571120000001
2,4,16,33,11801.070130000002
2,4,16,34,5824.83336
2,4,16,35,10948495.8489
2,4,16,36,11140128.75555
2,4,16,37,10865030.29739
2,4,16,38,10293668.102100002
2,4,16,39,1576887.4532299999
2,4,16,40,2229972.8796699997
2,4,16,41,6485246.88856
2,4,16,42,6136297.79522
2,4,16,43,1397041.11721
2,4,16,44,1472016.89668
2,4,16,45,1400823.37971
2,4,16,46,2915959.70789
2,4,16,47,3160153.31763
2,4,16,48,594480.66918
2,4,16,49,610671.94561
2,4,16,50,591348.97696
2,4,16,51,678027.2467
2,4,16,52,369901.54928000004
2,4,16,53,527866.45446
2,4,16,54,408949.68532000005
2,4,16,55,624626.7610599999
2,4,16,56,392260.73051
2,4,16,57,631974.3512800001
2,4,16,58,1645134.97178
2,4,16,59,1610738.611
2,4,16,60,1648506.62806
2,4,16,61,1621212.0013899999
2,4,16,62,1622337.7768
2,4,16,63,1411003.6131900002
2,4,16,64,2872582.47773
2,4,16,65,2955868.19259
2,4,16,66,772977.56001
2,4,16,67,2989075.3892400004
2,4,16,68,3070855.9146399996
2,4,16,69,2775244.4446900003
2,4,16,70,1917402.5713600002
2,4,16,71,2968904.15222
2,4,16,72,3632638.2280400004
2,4,16,73,3418504.8594899997
2,4,16,74,1251263.82922
2,4,16,75,26.05993000000001
2,4,16,76,49245.33458
2,4,16,77,-183.73681999999997
2,4,16,78,78577.74802
2,4,16,79,4000386.72452
2,4,16,80,4699715.8461299995
2,4,16,81,31077926.21472
2,4,16,82,31825717.013259996
2,4,16,83,30320255.984980002
2,4,16,84,23142478.92693
2,4,16,85,24126034.74198
2,4,16,86,19688965.30229
2,4,16,87,17983172.82037
2,4,16,88,481079.6194600001
2,4,17,0,1386730.2014300001
2,4,17,1,5203450.39044
2,4,17,2,5069940.71801
2,4,17,3,5727505.32236
2,4,17,4,4556946.202930001
2,4,17,5,1355012.7394400002
2,4,17,6,2026869.83285
2,4,17,7,248680.69947000002
2,4,17,8,1136873.7044999998
2,4,17,9,1029874.8776700001
2,4,17,10,598505.3098400001
2,4,17,11,548027.86922
2,4,17,12,661026.8237899999
2,4,17,13,3347751.89933
2,4,17,14,235990.26047
2,4,17,15,937888.9709800001
2,4,17,16,191743.19855000003
2,4,17,17,355914.77788
2,4,17,18,449780.70610999997
2,4,17,19,485977.09481
2,4,17,20,486801.75608
2,4,17,21,402245.18543
2,4,17,22,578236.82323
2,4,17,23,192445.76057
2,4,17,24,289987.00221
2,4,17,25,437019.10469000007
2,4,17,26,345978.70623999997
2,4,17,27,105368.64318999999
2,4,17,28,442127.79377
2,4,17,29,171423.69638
2,4,17,30,165373.62601000004
2,4,17,31,90100.02738999999
2,4,17,32,71302.25316
2,4,17,33,95092.43883999999
2,4,17,34,36619.163759999996
2,4,17,35,26654734.80381
2,4,17,36,26996326.970230002
2,4,17,37,26483809.72276
2,4,17,38,25622716.90612
2,4,17,39,6088675.55853
2,4,17,40,7860140.38406
2,4,17,41,17481122.01381
2,4,17,42,16707031.58381
2,4,17,43,5569195.52351
2,4,17,44,5794332.79335
2,4,17,45,5606001.455750001
2,4,17,46,9571460.0593
2,4,17,47,10130597.525360001
2,4,17,48,1152814.7814999998
2,4,17,49,1178625.26688
2,4,17,50,1149971.0636000002
2,4,17,51,1252488.2189300002
2,4,17,52,928507.53858
2,4,17,53,1188735.1064199999
2,4,17,54,972245.67457
2,4,17,55,1256436.3227199998
2,4,17,56,1209717.88843
2,4,17,57,1438046.1372100003
2,4,17,58,4998651.76403
2,4,17,59,4944491.86468
2,4,17,60,5014564.32732
2,4,17,61,4962491.884420001
2,4,17,62,4921924.33713
2,4,17,63,4501624.44867
2,4,17,64,8150701.03839
2,4,17,65,8226343.977080001
2,4,17,66,2836279.54402
2,4,17,67,8817161.647070002
2,4,17,68,9775417.85261
2,4,17,69,8410818.561030002
2,4,17,70,7727326.614010001
2,4,17,71,9823794.664040001
2,4,17,72,10537332.987550002
2,4,17,73,10066063.23597
2,4,17,74,5342449.27488
2,4,17,75,18308.3807
2,4,17,76,30.402070000000023
2,4,17,77,1623.3686400000001
2,4,17,78,178.93768000000003
2,4,17,79,9040704.44006
2,4,17,80,10046805.04488
2,4,17,81,55912998.92068
2,4,17,82,57079072.696839996
2,4,17,83,54642181.3957
2,4,17,84,45895222.52008
2,4,17,85,46911803.337950006
2,4,17,86,40588386.95127
2,4,17,87,37485631.87766
2,4,17,88,1769953.09505
2,4,18,0,193675.80347
2,4,18,1,2861280.63536
2,4,18,2,2867405.75832
2,4,18,3,3114181.0603300002
2,4,18,4,2965770.67004
2,4,18,5,224482.80917999998
2,4,18,6,3216876.45547
2,4,18,7,2159803.7731000003
2,4,18,8,2944520.7357300003
2,4,18,9,2997250.4327800004
2,4,18,10,2660283.8842100003
2,4,18,11,3060060.75434
2,4,18,12,3240558.90834
2,4,18,13,3321026.0190600003
2,4,18,14,2352261.5695100003
2,4,18,15,377550.39307
2,4,18,16,4244217.9047799995
2,4,18,17,2376670.22587
2,4,18,18,2384362.2339300006
2,4,18,19,2543059.4420100003
2,4,18,20,2363672.66499
2,4,18,21,1519049.97304
2,4,18,22,1364884.95389
2,4,18,23,2753012.7744199997
2,4,18,24,2319649.52575
2,4,18,25,1422456.3328699998
2,4,18,26,1298667.0582499998
2,4,18,27,3563105.75516
2,4,18,28,1141112.06435
2,4,18,29,2129857.95665
2,4,18,30,1640995.9906199998
2,4,18,31,2138247.19021
2,4,18,32,5443673.44491
2,4,18,33,6185037.324359999
2,4,18,34,6544373.067709999
2,4,18,35,-353.28584
2,4,18,36,-284.84983
2,4,18,37,-376.02557
2,4,18,38,-1108.8652800000002
2,4,18,39,-85408.19169
2,4,18,40,-106648.21907999995
2,4,18,41,2730.930309999996
2,4,18,42,140500.04830999998
2,4,18,43,-26597.976919999986
2,4,18,44,-31372.78178000002
2,4,18,45,-21236.121119999996
2,4,18,46,-12604.774849999998
2,4,18,47,-18271.925799999994
2,4,18,48,1456022.71413
2,4,18,49,1459301.7768899999
2,4,18,50,1447198.30268
2,4,18,51,1555389.60877
2,4,18,52,1109329.2913699998
2,4,18,53,1145562.09498
2,4,18,54,1159362.6191999998
2,4,18,55,1320866.2648099998
2,4,18,56,642490.4947299999
2,4,18,57,958652.8021399999
2,4,18,58,3022030.45959
2,4,18,59,2952219.3214900005
2,4,18,60,3059279.40319
2,4,18,61,3060350.1235400005
2,4,18,62,4547139.247849999
2,4,18,63,5209353.18454
2,4,18,64,3503748.93599
2,4,18,65,3230607.11781
2,4,18,66,7704277.0065899985
2,4,18,67,4276785.42252
2,4,18,68,4955803.820369999
2,4,18,69,5063502.075479999
2,4,18,70,4590304.16526
2,4,18,71,5212185.701250001
2,4,18,72,6167531.467639999
2,4,18,73,6171407.788670001
2,4,18,74,6002656.162609999
2,4,18,75,8282446.17952
2,4,18,76,21939017.459960002
2,4,18,77,9073345.1342
2,4,18,78,24142057.219759997
2,4,18,79,3295925.18618
2,4,18,80,3698329.8530600006
2,4,18,81,3515120.1946600005
2,4,18,82,3624545.6115700006
2,4,18,83,3372285.1416700003
2,4,18,84,3312616.0089600002
2,4,18,85,3060184.6008900004
2,4,18,86,3338171.42165
2,4,18,87,2679642.83911
2,4,18,88,665424.45103
2,4,19,0,7357.310539999999
2,4,19,1,1380588.31352
2,4,19,2,1352720.90647
2,4,19,3,1596715.7303900002
2,4,19,4,1308048.40992
2,4,19,5,6200.31
2,4,19,6,923367.6963600001
2,4,19,7,136291.74457
2,4,19,8,593616.4536700001
2,4,19,9,590690.5939900001
2,4,19,10,355016.46436
2,4,19,11,452219.15671
2,4,19,12,545648.0582000001
2,4,19,13,1184548.21616
2,4,19,14,163049.11255
2,4,19,15,374.139
2,4,19,16,561548.9162699999
2,4,19,17,196796.19916
2,4,19,18,179885.85981999998
2,4,19,19,208942.26820999998
2,4,19,20,183718.23266999997
2,4,19,21,44300.75217000001
2,4,19,22,92121.67990999999
2,4,19,23,235309.03083
2,4,19,24,198501.62813
2,4,19,25,91036.40556
2,4,19,26,20664.93555
2,4,19,27,400498.65397
2,4,19,28,18672.168509999996
2,4,19,29,116567.91741
2,4,19,30,41733.83999000001
2,4,19,31,88387.30739999999
2,4,19,32,935560.3564500001
2,4,19,33,1235986.52145
2,4,19,34,1140601.0732
2,4,19,35,286004.83741000004
2,4,19,36,282852.50958
2,4,19,37,288530.17527999997
2,4,19,38,442558.0084
2,4,19,39,-6227.159520000001
2,4,19,40,5893.134040000001
2,4,19,41,35219.87934999999
2,4,19,42,29031.25180000001
2,4,19,43,-5252.588510000001
2,4,19,44,-4403.538209999999
2,4,19,45,-4454.738799999999
2,4,19,46,-57636.61387999996
2,4,19,47,-11755.548240000004
2,4,19,48,96235.63574999999
2,4,19,49,102483.93997
2,4,19,50,93012.44192999999
2,4,19,51,133089.72108
2,4,19,52,31413.63349
2,4,19,53,71152.34273
2,4,19,54,35922.81798000001
2,4,19,55,93167.60592
2,4,19,56,5632.15122
2,4,19,57,56239.56143
2,4,19,58,446319.8389
2,4,19,59,429334.49112
2,4,19,60,457323.92649
2,4,19,61,455761.35286
2,4,19,62,845030.01942
2,4,19,63,1023485.46978
2,4,19,64,843989.4188800001
2,4,19,65,745492.3533700001
2,4,19,66,1614577.4280800002
2,4,19,67,1246485.6269399999
2,4,19,68,1841983.7547900002
2,4,19,69,1540147.09955
2,4,19,70,1909887.65356
2,4,19,71,2089468.32263
2,4,19,72,2284564.57427
2,4,19,73,2241256.8612
2,4,19,74,2014316.6928100002
2,4,19,75,1051192.19564
2,4,19,76,4073633.08114
2,4,19,77,1078219.5611100001
2,4,19,78,4678110.7846
2,4,19,79,681644.42302
2,4,19,80,836501.14296
2,4,19,81,4079734.80468
2,4,19,82,4239207.524069999
2,4,19,83,3887060.90529
2,4,19,84,3435065.29982
2,4,19,85,3282918.09404
2,4,19,86,3133874.3904899997
2,4,19,87,2488428.1526200003
2,4,19,88,1843.77657
2,4,20,0,68.99158
2,4,20,1,1389514.9581000002
2,4,20,2,1373394.8440200002
2,4,20,3,1602200.5734500003
2,4,20,4,1342668.8990000002
2,4,20,5,478.61826999999994
2,4,20,6,984875.7403599999
2,4,20,7,202704.46024000001
2,4,20,8,677013.85457
2,4,20,9,665431.27009
2,4,20,10,441366.8701
2,4,20,11,539134.12607
2,4,20,12,632768.15437
2,4,20,13,1306276.0412400002
2,4,20,14,239633.81386
2,4,20,15,1905.57758
2,4,20,16,699290.68922
2,4,20,17,290574.99147999997
2,4,20,18,156739.82595
2,4,20,19,183618.73703999998
2,4,20,20,157410.65369999997
2,4,20,21,51480.67919
2,4,20,22,48833.96351
2,4,20,23,185527.61121
2,4,20,24,139341.52099
2,4,20,25,50158.269080000005
2,4,20,26,32330.814199999997
2,4,20,27,312069.86342999997
2,4,20,28,24011.80145
2,4,20,29,101653.06700999998
2,4,20,30,53622.10429000001
2,4,20,31,102121.92967999999
2,4,20,32,754045.42789
2,4,20,33,989953.67702
2,4,20,34,972861.5281
2,4,20,35,137958.00866000002
2,4,20,36,142232.88847
2,4,20,37,135822.64359999998
2,4,20,38,118457.25841000001
2,4,20,39,-178053.57157000003
2,4,20,40,-11787.21241
2,4,20,41,-7102.562349999964
2,4,20,42,1495.7299899999634
2,4,20,43,2032145.6785000002
2,4,20,44,-62698.3698
2,4,20,45,678771.08681
2,4,20,46,-36429.28054999997
2,4,20,47,-416282.80379000027
2,4,20,48,78516.16744
2,4,20,49,80053.13981000001
2,4,20,50,77319.17698999999
2,4,20,51,96113.9682
2,4,20,52,34504.04885
2,4,20,53,45243.54473
2,4,20,54,40509.093160000004
2,4,20,55,66470.25622
2,4,20,56,8704.326579999999
2,4,20,57,33816.07531
2,4,20,58,1241011.4816100001
2,4,20,59,1202832.4788000002
2,4,20,60,1262436.6464200001
2,4,20,61,1257310.9786500002
2,4,20,62,1987872.48575
2,4,20,63,2257222.2981000002
2,4,20,64,1962712.72711
2,4,20,65,1801023.7260800002
2,4,20,66,3058151.5921400003
2,4,20,67,2562760.26744
2,4,20,68,3223120.40322
2,4,20,69,2981820.5432
2,4,20,70,2764716.07477
2,4,20,71,3427677.8710499997
2,4,20,72,4039347.2970600002
2,4,20,73,3962231.35937
2,4,20,74,3049110.0159500004
2,4,20,75,1579890.6723400003
2,4,20,76,5413979.32843
2,4,20,77,1616866.3509200003
2,4,20,78,6204233.069680001
2,4,20,79,1782642.85706
2,4,20,80,2096614.84745
2,4,20,81,6337396.77711
2,4,20,82,6550827.61311
2,4,20,83,6070657.09064
2,4,20,84,5576757.00456
2,4,20,85,5329415.76847
2,4,20,86,5204056.46791
2,4,20,87,4252571.933730001
2,4,20,88,33486.5785
2,4,21,0,278816.13230999996
2,4,21,1,11303907.906469999
2,4,21,2,11162192.11241
2,4,21,3,12423786.03646
2,4,21,4,10602736.476799998
2,4,21,5,774666.12897
2,4,21,6,6650170.948940001
2,4,21,7,1159397.1277499998
2,4,21,8,4478258.517840001
2,4,21,9,4228275.3126300005
2,4,21,10,2789426.9110999997
2,4,21,11,2923674.77557
2,4,21,12,3416954.99909
2,4,21,13,9397071.357789997
2,4,21,14,1255480.8783299997
2,4,21,15,372637.38299
2,4,21,16,2203030.3650499997
2,4,21,17,1777112.1067999997
2,4,21,18,-26097.73657
2,4,21,19,-16802.13934
2,4,21,20,-20474.361100000002
2,4,21,21,514.6109300000026
2,4,21,22,4398.2079
2,4,21,23,3324.36979
2,4,21,24,2892.77779
2,4,21,25,13598.30807
2,4,21,26,8310.043390000003
2,4,21,27,33754.158910000006
2,4,21,28,4801.96747
2,4,21,29,8585.707709999999
2,4,21,30,31687.30248
2,4,21,31,73085.11520000001
2,4,21,32,383377.23849
2,4,21,33,637608.9407
2,4,21,34,373493.85423000006
2,4,21,35,5788822.509880001
2,4,21,36,5867314.330410001
2,4,21,37,5751919.8769
2,4,21,38,5762608.50908
2,4,21,39,947823.3850400001
2,4,21,40,1292476.2598
2,4,21,41,3803231.0494899997
2,4,21,42,3714706.2129100002
2,4,21,43,845764.58112
2,4,21,44,894026.07796
2,4,21,45,874147.80034
2,4,21,46,1846752.9781799999
2,4,21,47,1993295.9681899997
2,4,21,48,-1781.7220799999996
2,4,21,49,-1742.5343300000004
2,4,21,50,-1289.2722800000047
2,4,21,51,-2709.2992799999192
2,4,21,52,-23761.839299999992
2,4,21,53,-939.4023500000185
2,4,21,54,-22952.471660000272
2,4,21,55,-590.0092100000475
2,4,21,56,5598.0282400000015
2,4,21,57,-774.1548199999997
2,4,21,58,6592203.94348
2,4,21,59,6502923.59746
2,4,21,60,6688142.15557
2,4,21,61,6679407.29234
2,4,21,62,8862697.20823
2,4,21,63,9671512.3177
2,4,21,64,10933057.278469998
2,4,21,65,10167205.117379999
2,4,21,66,10560756.73696
2,4,21,67,14102090.56813
2,4,21,68,18465629.24398
2,4,21,69,15485120.017310001
2,4,21,70,17777088.40453
2,4,21,71,19819146.49924
2,4,21,72,20088995.31156
2,4,21,73,19676311.462440003
2,4,21,74,15908577.798749998
2,4,21,75,1933516.24345
2,4,21,76,1323587.0314899997
2,4,21,77,1138435.13448
2,4,21,78,1513645.87484
2,4,21,79,7612225.0856800005
2,4,21,80,8144685.44672
2,4,21,81,27542434.29734
2,4,21,82,28202765.908339996
2,4,21,83,26571618.69186
2,4,21,84,29502668.02892
2,4,21,85,27651912.36644
2,4,21,86,28902441.27754
2,4,21,87,25073162.42948
2,4,21,88,714994.4060500001
2,4,22,0,576.3549800000001
2,4,22,1,2438234.47741
2,4,22,2,2384587.96645
2,4,22,3,2792929.40651
2,4,22,4,2253227.7746
2,4,22,5,1046.4281800000026
2,4,22,6,1349133.11808
2,4,22,7,101470.02176
2,4,22,8,786403.21605
2,4,22,9,757443.7159000001
2,4,22,10,402534.28071
2,4,22,11,488037.24748
2,4,22,12,615199.3854500001
2,4,22,13,1912852.9822399998
2,4,22,14,122418.08923999999
2,4,22,15,323.6335200000001
2,4,22,16,449650.3345
2,4,22,17,183428.75702999998
2,4,22,18,13339.683940000003
2,4,22,19,17040.03892000008
2,4,22,20,13937.888689999992
2,4,22,21,226.58699999999953
2,4,22,22,11010.379649999999
2,4,22,23,32811.3228
2,4,22,24,28315.00359
2,4,22,25,13381.12734
2,4,22,26,45.91071000000011
2,4,22,27,97920.87254999999
2,4,22,28,-277.94073000000026
2,4,22,29,10591.673789999999
2,4,22,30,1535.52178
2,4,22,31,10799.280669999998
2,4,22,32,429243.62488
2,4,22,33,652893.18006
2,4,22,34,499662.7454000001
2,4,22,35,1007010.4887900001
2,4,22,36,1024556.1114500001
2,4,22,37,985841.3400700002
2,4,22,38,966310.87964
2,4,22,39,24968.81621
2,4,22,40,84050.1421
2,4,22,41,330112.87350000005
2,4,22,42,292601.78753000003
2,4,22,43,19994.521580000004
2,4,22,44,23037.64589
2,4,22,45,21008.11151
2,4,22,46,63640.50877000001
2,4,22,47,73207.87376
2,4,22,48,4318.035959999999
2,4,22,49,5430.341979999999
2,4,22,50,3806.0542100000002
2,4,22,51,10532.29322
2,4,22,52,-41266.368220000004
2,4,22,53,-4510.782399999996
2,4,22,54,-94439.7244500001
2,4,22,55,4861.130640000047
2,4,22,56,-24171.08679
2,4,22,57,237.86675000000105
2,4,22,58,654899.54943
2,4,22,59,635230.3693599999
2,4,22,60,671321.45407
2,4,22,61,669357.66216
2,4,22,62,1150314.4747099997
2,4,22,63,1363918.0799
2,4,22,64,1402401.5938499998
2,4,22,65,1246987.11762
2,4,22,66,1884780.80405
2,4,22,67,2084911.6117699998
2,4,22,68,3171189.75537
2,4,22,69,2481985.33158
2,4,22,70,3349206.33404
2,4,22,71,3600337.43771
2,4,22,72,3676337.07443
2,4,22,73,3588015.58652
2,4,22,74,3090386.5642300006
2,4,22,75,573831.03392
2,4,22,76,1709445.66218
2,4,22,77,455839.51517
2,4,22,78,2012169.4915500002
2,4,22,79,948893.00313
2,4,22,80,1119632.99595
2,4,22,81,7016944.65785
2,4,22,82,7262209.92015
2,4,22,83,6703632.5591899995
2,4,22,84,6487317.64838
2,4,22,85,6150659.02179
2,4,22,86,6032122.24609
2,4,22,87,4944971.89538
2,4,22,88,195.28369000000004
2,4,23,0,139537.57162
2,4,23,1,7297882.119309999
2,4,23,2,7233984.982679999
2,4,23,3,8079151.49897
2,4,23,4,6893316.890459999
2,4,23,5,178769.37871999998
2,4,23,6,4299365.52661
2,4,23,7,802059.26638
2,4,23,8,2923644.3964400003
2,4,23,9,2736997.38239
2,4,23,10,1850999.8391699998
2,4,23,11,1931361.87201
2,4,23,12,2247792.16003
2,4,23,13,6331971.3145
2,4,23,14,881712.2615700001
2,4,23,15,225738.98515999998
2,4,23,16,1580038.75249
2,4,23,17,1258964.8887999998
2,4,23,18,-207.03357999999935
2,4,23,19,-15434.407920000001
2,4,23,20,-12584.132109999995
2,4,23,21,1476.0659799999848
2,4,23,22,-10732.507240000003
2,4,23,23,686.40167
2,4,23,24,118.79493
2,4,23,25,805.14329
2,4,23,26,9913.904820000002
2,4,23,27,8811.97587
2,4,23,28,4322.028799999996
2,4,23,29,2747.96348
2,4,23,30,21414.896320000003
2,4,23,31,44299.21032
2,4,23,32,164315.82769
2,4,23,33,286182.5995499999
2,4,23,34,189425.28720999998
2,4,23,35,3474282.0415100004
2,4,23,36,3551765.27432
2,4,23,37,3469144.95603
2,4,23,38,3399534.1219
2,4,23,39,378746.63092
2,4,23,40,474670.4912599999
2,4,23,41,2527421.96343
2,4,23,42,2540423.7719600005
2,4,23,43,322003.89387
2,4,23,44,344151.93278
2,4,23,45,335894.53375
2,4,23,46,1073606.5118099998
2,4,23,47,1204351.20608
2,4,23,48,-786.627559999999
2,4,23,49,-680.1073699999997
2,4,23,50,-855.7610800000002
2,4,23,51,-5477.106950000001
2,4,23,52,-38506.71863000002
2,4,23,53,-10053.41334999993
2,4,23,54,-76519.54688000004
2,4,23,55,-4141.04464
2,4,23,56,6893.622959999993
2,4,23,57,-1529.5247499999996
2,4,23,58,7568880.10105
2,4,23,59,7445956.5753
2,4,23,60,7663089.530049999
2,4,23,61,7640167.92513
2,4,23,62,9938564.21206
2,4,23,63,10591417.837590002
2,4,23,64,11769067.70173
2,4,23,65,11105426.53922
2,4,23,66,11151706.64664
2,4,23,67,14426045.60174
2,4,23,68,17376000.41119
2,4,23,69,15559913.278040001
2,4,23,70,14714424.70447
2,4,23,71,18018637.829699997
2,4,23,72,19656599.062789995
2,4,23,73,19218367.98178
2,4,23,74,13786746.33202
2,4,23,75,2042018.8329399999
2,4,23,76,2301849.02079
2,4,23,77,1405670.372
2,4,23,78,2663600.3559499998
2,4,23,79,9465810.442470001
2,4,23,80,10299548.755490001
2,4,23,81,29387584.244919997
2,4,23,82,30076530.61561
2,4,23,83,28404765.72087
2,4,23,84,30066759.194259997
2,4,23,85,28502839.51858
2,4,23,86,29161159.579309996
2,4,23,87,25382586.419830002
2,4,23,88,509212.33812000003
2,4,24,0,587612.5369099999
2,4,24,1,2241580.46543
2,4,24,2,2157051.85868
2,4,24,3,2447529.3255199995
2,4,24,4,2074035.0894
2,4,24,5,442259.44053
2,4,24,6,1758124.1666
2,4,24,7,730160.53539
2,4,24,8,1313810.2046400001
2,4,24,9,1392307.52225
2,4,24,10,1003236.32773
2,4,24,11,1228870.9072500002
2,4,24,12,1359507.82819
2,4,24,13,1603968.55569
2,4,24,14,752655.2980399999
2,4,24,15,397494.68584
2,4,24,16,1392657.18201
2,4,24,17,659917.36113
2,4,24,18,4455124.51298
2,4,24,19,4743431.77139
2,4,24,20,4587503.707130001
2,4,24,21,2280482.5737499995
2,4,24,22,4332824.241660001
2,4,24,23,4680997.08647
2,4,24,24,4854707.71203
2,4,24,25,3954184.76219
2,4,24,26,1503348.78765
2,4,24,27,5386544.34525
2,4,24,28,1756278.4001900002
2,4,24,29,3156779.5691599995
2,4,24,30,1620355.7698300001
2,4,24,31,1862912.21769
2,4,24,32,6685867.12506
2,4,24,33,7589686.57052
2,4,24,34,7012979.17541
2,4,24,35,4338944.420100001
2,4,24,36,4323520.5797500005
2,4,24,37,4223884.36189
2,4,24,38,4162285.1163
2,4,24,39,1607917.66614
2,4,24,40,2609413.6544999997
2,4,24,41,1498828.79741
2,4,24,42,1239420.1998
2,4,24,43,1626817.3602300002
2,4,24,44,1654060.9971
2,4,24,45,1606417.81126
2,4,24,46,993572.34864
2,4,24,47,944157.7885299999
2,4,24,48,4121795.94415
2,4,24,49,4324777.654180001
2,4,24,50,4031137.4047
2,4,24,51,4990249.2047500005
2,4,24,52,2481644.2193
2,4,24,53,4197410.297970001
2,4,24,54,2533128.6872299993
2,4,24,55,4414063.6450000005
2,4,24,56,1617829.46726
2,4,24,57,4056770.9731999994
2,4,24,58,-334193.58501
2,4,24,59,-344601.04364
2,4,24,60,-292570.02715
2,4,24,61,-230539.38719000004
2,4,24,62,-97134.68196999999
2,4,24,63,-11698.285130000004
2,4,24,64,-5066.197080000002
2,4,24,65,-46030.86016999999
2,4,24,66,22628.90201
2,4,24,67,-750.9663100000471
2,4,24,68,28823.043820000003
2,4,24,69,2054.98859
2,4,24,70,352297.56720000005
2,4,24,71,82422.36465
2,4,24,72,19459.72666
2,4,24,73,20161.82479
2,4,24,74,273461.65982999996
2,4,24,75,1132810.9611600002
2,4,24,76,5118564.17953
2,4,24,77,1476410.4266400002
2,4,24,78,5561694.882320001
2,4,24,79,377.83205
2,4,24,80,642.4444
2,4,24,81,1298598.73048
2,4,24,82,1360687.80701
2,4,24,83,1256193.9835700002
2,4,24,84,472954.29478
2,4,24,85,575076.36527
2,4,24,86,284251.86182999995
2,4,24,87,237507.90405
2,4,24,88,121573.59347
2,4,25,0,3807148.29004
2,4,25,1,1612677.2746399997
2,4,25,2,1542589.7535499998
2,4,25,3,1665953.56531
2,4,25,4,1481398.01613
2,4,25,5,3378393.7538599996
2,4,25,6,1494128.7561599999
2,4,25,7,1742121.0237999998
2,4,25,8,1383628.5231299999
2,4,25,9,1507413.0167599998
2,4,25,10,1413628.8420699998
2,4,25,11,1601685.80072
2,4,25,12,1606641.72981
2,4,25,13,1080332.54301
2,4,25,14,1691545.51079
2,4,25,15,2663197.86648
2,4,25,16,1919134.40175
2,4,25,17,1305070.43874
2,4,25,18,15855367.167700002
2,4,25,19,16795869.44457
2,4,25,20,16301847.216860002
2,4,25,21,9977629.86656
2,4,25,22,14103187.506310001
2,4,25,23,13921373.22904
2,4,25,24,14589472.498010002
2,4,25,25,12342985.19927
2,4,25,26,7311112.783650001
2,4,25,27,13472426.815750001
2,4,25,28,8264524.0465
2,4,25,29,10303457.978670001
2,4,25,30,6403218.4521699995
2,4,25,31,6116261.426999999
2,4,25,32,12331729.077450002
2,4,25,33,12761262.577
2,4,25,34,12747372.758270001
2,4,25,35,15941739.97336
2,4,25,36,15973609.628150001
2,4,25,37,15686535.808360003
2,4,25,38,15101113.2959
2,4,25,39,7622111.438200001
2,4,25,40,10075107.079150002
2,4,25,41,8393900.972749999
2,4,25,42,7553175.061960001
2,4,25,43,7599733.5446999995
2,4,25,44,7678134.60648
2,4,25,45,7498002.51307
2,4,25,46,6265100.218289999
2,4,25,47,6179772.6459
2,4,25,48,16892184.216700003
2,4,25,49,17394802.96036
2,4,25,50,16677482.391020002
2,4,25,51,19088297.43123
2,4,25,52,11930616.28587
2,4,25,53,16550793.632770002
2,4,25,54,12253122.93962
2,4,25,55,17557637.909640003
2,4,25,56,9336003.592070002
2,4,25,57,16544833.39449
2,4,25,58,18351.704499999993
2,4,25,59,22417.779310000013
2,4,25,60,18473.04508999997
2,4,25,61,24638.84083
2,4,25,62,-1037.2479900000035
2,4,25,63,-1016.1656399999993
2,4,25,64,14152.908809999994
2,4,25,65,28569.227850000003
2,4,25,66,10660.802389999999
2,4,25,67,-398.0026599999983
2,4,25,68,282.29215000000005
2,4,25,69,-191.7596199999989
2,4,25,70,43109.11111
2,4,25,71,987.30746
2,4,25,72,-5081.483760000001
2,4,25,73,-303.0781200000001
2,4,25,74,16226.69206
2,4,25,75,1679094.3893199998
2,4,25,76,8728423.390180001
2,4,25,77,2754527.50373
2,4,25,78,9297552.379730001
2,4,25,79,372175.19635
2,4,25,80,483062.457
2,4,25,81,6864408.840890001
2,4,25,82,7028786.330089999
2,4,25,83,6841531.53563
2,4,25,84,2425630.80969
2,4,25,85,3231883.7841000003
2,4,25,86,1445577.7407
2,4,25,87,1561276.4272899998
2,4,25,88,2660982.9220899995
2,4,26,0,1089534.36392
2,4,26,1,1615246.3299299998
2,4,26,2,1548281.3135799998
2,4,26,3,1739706.4492900001
2,4,26,4,1495530.4317099997
2,4,26,5,885493.50166
2,4,26,6,1399284.0640699998
2,4,26,7,898214.26762
2,4,26,8,1134811.04733
2,4,26,9,1226483.8149599999
2,4,26,10,976270.4814
2,4,26,11,1184529.21855
2,4,26,12,1263154.8675799998
2,4,26,13,1136213.02452
2,4,26,14,906665.38604
2,4,26,15,741096.50032
2,4,26,16,1444107.48046
2,4,26,17,734277.07085
2,4,26,18,7267834.445280001
2,4,26,19,7738374.38744
2,4,26,20,7476193.818900001
2,4,26,21,4024114.60473
2,4,26,22,6622021.25921
2,4,26,23,7038458.302870001
2,4,26,24,7286483.75274
2,4,26,25,5915691.589740001
2,4,26,26,2755628.31158
2,4,26,27,7535618.53984
2,4,26,28,3160251.56055
2,4,26,29,4894708.427120001
2,4,26,30,2694351.6242899997
2,4,26,31,2862109.83837
2,4,26,32,8267232.93195
2,4,26,33,9047215.627850002
2,4,26,34,8701826.64808
2,4,26,35,5922836.66913
2,4,26,36,5914090.3227
2,4,26,37,5785424.00007
2,4,26,38,5623386.9659
2,4,26,39,2491968.7106999997
2,4,26,40,3730703.95203
2,4,26,41,2362432.78418
2,4,26,42,2012062.07033
2,4,26,43,2518211.0894799996
2,4,26,44,2548699.61277
2,4,26,45,2480179.64692
2,4,26,46,1666364.51532
2,4,26,47,1602967.08658
2,4,26,48,7072561.0082
2,4,26,49,7355573.0033100005
2,4,26,50,6946769.510220001
2,4,26,51,8304235.84038
2,4,26,52,4545708.46965
2,4,26,53,7014824.04649
2,4,26,54,4662790.38377
2,4,26,55,7443839.50188
2,4,26,56,3164644.96011
2,4,26,57,6852728.507530001
2,4,26,58,44.51637000000028
2,4,26,59,396.2255
2,4,26,60,-272.62108000000035
2,4,26,61,-230.38792999999987
2,4,26,62,-61999.72343
2,4,26,63,-439280.6964
2,4,26,64,-22235.02945
2,4,26,65,-5439.63916
2,4,26,66,4116.2050899999995
2,4,26,67,-44008.12014
2,4,26,68,-1106.93851
2,4,26,69,-63699.14325000001
2,4,26,70,111151.44405
2,4,26,71,7636.7216100000005
2,4,26,72,-5147.906020000002
2,4,26,73,-10962.946760000006
2,4,26,74,80502.32375000001
2,4,26,75,1312562.3098399998
2,4,26,76,6715859.7168000005
2,4,26,77,1917162.74434
2,4,26,78,7264929.079410001
2,4,26,79,7302.845139999999
2,4,26,80,15739.321380000001
2,4,26,81,1902348.56847
2,4,26,82,1976963.3891699999
2,4,26,83,1868404.97141
2,4,26,84,553950.12268
2,4,26,85,750118.8771100001
2,4,26,86,290651.90804999997
2,4,26,87,276750.5216
2,4,26,88,452492.93557000003
2,4,27,0,1540411.09655
2,4,27,1,868600.77166
2,4,27,2,818896.15712
2,4,27,3,939872.85305
2,4,27,4,743682.45156
2,4,27,5,1330448.8193899998
2,4,27,6,522591.68124999997
2,4,27,7,368805.79026
2,4,27,8,382004.43558999995
2,4,27,9,415749.12842
2,4,27,10,323547.07879999996
2,4,27,11,378748.31470999995
2,4,27,12,398645.23501
2,4,27,13,445898.35254
2,4,27,14,347877.23500999995
2,4,27,15,908356.8156600001
2,4,27,16,400677.98981999996
2,4,27,17,250744.3472
2,4,27,18,7076025.0825499995
2,4,27,19,7595387.96003
2,4,27,20,7342686.05527
2,4,27,21,4100554.47387
2,4,27,22,6292147.15613
2,4,27,23,5773136.041370001
2,4,27,24,6238599.109739999
2,4,27,25,5275614.29855
2,4,27,26,2784103.07219
2,4,27,27,5383651.10042
2,4,27,28,3303663.95214
2,4,27,29,4004195.7137599997
2,4,27,30,2212770.8112099995
2,4,27,31,1995503.52407
2,4,27,32,4726162.80462
2,4,27,33,4968415.19234
2,4,27,34,4816397.884369999
2,4,27,35,13668136.20177
2,4,27,36,13745427.44716
2,4,27,37,13457460.468330001
2,4,27,38,12894802.2728
2,4,27,39,4613614.1861000005
2,4,27,40,6452052.01117
2,4,27,41,6916185.3946899995
2,4,27,42,6218052.07957
2,4,27,43,4497738.534089999
2,4,27,44,4588842.07115
2,4,27,45,4444315.42963
2,4,27,46,4358360.33521
2,4,27,47,4384393.09416
2,4,27,48,8198231.59133
2,4,27,49,8483150.665590001
2,4,27,50,8082274.67571
2,4,27,51,9440481.352359999
2,4,27,52,5451415.53759
2,4,27,53,8035901.43997
2,4,27,54,5645171.08937
2,4,27,55,8621004.035980001
2,4,27,56,4263357.49774
2,4,27,57,8188575.47069
2,4,27,58,27835.37782
2,4,27,59,27645.98246
2,4,27,60,26129.930370000002
2,4,27,61,24063.318000000003
2,4,27,62,3480.8657000000094
2,4,27,63,-3988.491909999999
2,4,27,64,18351.435029999993
2,4,27,65,46086.63445
2,4,27,66,-253261.86111999996
2,4,27,67,9233.61476999987
2,4,27,68,8374.95887
2,4,27,69,2539.3626799999984
2,4,27,70,45836.29537
2,4,27,71,12709.58018
2,4,27,72,6563.896970000002
2,4,27,73,4950.834200000001
2,4,27,74,6880.28516
2,4,27,75,241152.48367
2,4,27,76,2703733.90966
2,4,27,77,516317.1534499999
2,4,27,78,2960385.88049
2,4,27,79,349064.90192
2,4,27,80,474056.16359999997
2,4,27,81,9633800.84552
2,4,27,82,9889993.309800003
2,4,27,83,9503399.8926
2,4,27,84,4411368.22697
2,4,27,85,5343137.553239999
2,4,27,86,2985338.01198
2,4,27,87,2951802.3735800004
2,4,27,88,1076567.37985
2,4,28,0,1911678.95425
2,4,28,1,535909.0228299999
2,4,28,2,503116.08064
2,4,28,3,569145.88841
2,4,28,4,463567.69061
2,4,28,5,1701964.36048
2,4,28,6,402354.78862999997
2,4,28,7,517969.00679
2,4,28,8,346680.58150000003
2,4,28,9,388579.59195
2,4,28,10,357609.42371
2,4,28,11,418276.57607
2,4,28,12,417248.64578
2,4,28,13,279670.92627999996
2,4,28,14,491171.02506
2,4,28,15,1192818.3071
2,4,28,16,532722.2298600001
2,4,28,17,335612.61691
2,4,28,18,9579422.29417
2,4,28,19,10275222.61872
2,4,28,20,9902376.146979999
2,4,28,21,5736388.4598
2,4,28,22,8019513.7145299995
2,4,28,23,7740483.90383
2,4,28,24,8194200.15577
2,4,28,25,6733604.024780001
2,4,28,26,3996774.3077700003
2,4,28,27,7119361.8811800005
2,4,28,28,4609532.01853
2,4,28,29,5479779.47007
2,4,28,30,3185536.48599
2,4,28,31,2868667.1829100004
2,4,28,32,6000582.09691
2,4,28,33,6154043.61841
2,4,28,34,6255608.08422
2,4,28,35,12793832.575399999
2,4,28,36,12873092.110559998
2,4,28,37,12603155.3773
2,4,28,38,11983127.826720001
2,4,28,39,4737836.83713
2,4,28,40,6420494.522799999
2,4,28,41,6648196.529159999
2,4,28,42,6002988.17806
2,4,28,43,4653559.238409999
2,4,28,44,4725889.56659
2,4,28,45,4585646.54347
2,4,28,46,4353294.46151
2,4,28,47,4372448.87872
2,4,28,48,10799417.76786
2,4,28,49,11121860.59432
2,4,28,50,10666003.15192
2,4,28,51,12253550.87722
2,4,28,52,7383540.364279999
2,4,28,53,10365438.81439
2,4,28,54,7658669.031459999
2,4,28,55,11195322.05188
2,4,28,56,5739973.95049
2,4,28,57,10480312.21506
2,4,28,58,54848.11325
2,4,28,59,54283.15868
2,4,28,60,51271.315539999996
2,4,28,61,49498.23434
2,4,28,62,-5063.284039999999
2,4,28,63,-23097.199399999983
2,4,28,64,30692.056239999998
2,4,28,65,54120.73771
2,4,28,66,-82467.02912
2,4,28,67,-6977.552420000022
2,4,28,68,27528.80634
2,4,28,69,-64680.1141200001
2,4,28,70,5548.787009999999
2,4,28,71,105.44515000000047
2,4,28,72,-158441.63000000012
2,4,28,73,-239045.02775999997
2,4,28,74,276.98486000000014
2,4,28,75,507048.39635
2,4,28,76,4771036.155189999
2,4,28,77,1047525.7112400001
2,4,28,78,5205390.59349
2,4,28,79,519578.99342
2,4,28,80,693763.3321500001
2,4,28,81,9402235.8354
2,4,28,82,9640086.590470001
2,4,28,83,9312204.457349999
2,4,28,84,3876739.7337
2,4,28,85,4873868.30425
2,4,28,86,2502756.24172
2,4,28,87,2547073.4336600006
2,4,28,88,1650796.1431999998
2,4,29,0,1839447.4583499997
2,4,29,1,347790.74253
2,4,29,2,324803.11301
2,4,29,3,367698.73231
2,4,29,4,300278.09907999996
2,4,29,5,1660539.01757
2,4,29,6,288063.91594999994
2,4,29,7,494689.59222
2,4,29,8,266959.25334
2,4,29,9,304990.73328999995
2,4,29,10,302304.00288
2,4,29,11,356302.03782
2,4,29,12,347008.59472
2,4,29,13,177588.99323999998
2,4,29,14,469366.29003
2,4,29,15,1157915.36166
2,4,29,16,500674.77222
2,4,29,17,308701.1772699999
2,4,29,18,9926703.509960001
2,4,29,19,10666176.5724
2,4,29,20,10252325.28756
2,4,29,21,5969454.0400600005
2,4,29,22,8016078.51786
2,4,29,23,7906731.5705
2,4,29,24,8302177.82343
2,4,29,25,6696516.14864
2,4,29,26,4169581.62024
2,4,29,27,7195595.09853
2,4,29,28,4764486.3361599995
2,4,29,29,5601697.857220001
2,4,29,30,3287741.2807400003
2,4,29,31,2940894.78451
2,4,29,32,5924803.518030001
2,4,29,33,6015392.39626
2,4,29,34,6254991.99813
2,4,29,35,11611437.46482
2,4,29,36,11694067.22188
2,4,29,37,11442596.156200001
2,4,29,38,10817276.34159
2,4,29,39,4313125.50067
2,4,29,40,5785632.894409999
2,4,29,41,6089081.69467
2,4,29,42,5512019.68297
2,4,29,43,4242158.31228
2,4,29,44,4302038.41992
2,4,29,45,4173869.2466900004
2,4,29,46,3976399.5168700004
2,4,29,47,4002261.2535
2,4,29,48,11128754.874689998
2,4,29,49,11438952.180519998
2,4,29,50,10999765.620339999
2,4,29,51,12561057.39759
2,4,29,52,7652239.832529999
2,4,29,53,10549046.46253
2,4,29,54,7955342.31996
2,4,29,55,11460584.614400001
2,4,29,56,5916810.72145
2,4,29,57,10642124.65156
2,4,29,58,79641.93579000002
2,4,29,59,78119.91978
2,4,29,60,75112.04471
2,4,29,61,71567.28091
2,4,29,62,14747.793000000001
2,4,29,63,-15868.784570000018
2,4,29,64,42572.70306
2,4,29,65,73704.22412000014
2,4,29,66,-10377.4928
2,4,29,67,5387.16863
2,4,29,68,-5561.369100000001
2,4,29,69,-210539.96478000027
2,4,29,70,916.3920899999999
2,4,29,71,-5790.992879999999
2,4,29,72,-1542.2335799999992
2,4,29,73,-4388.9251
2,4,29,74,-2513.71027
2,4,29,75,586950.97751
2,4,29,76,5577228.738170001
2,4,29,77,1223828.1313
2,4,29,78,6102685.389250001
2,4,29,79,645702.2718
2,4,29,80,857522.32724
2,4,29,81,9505624.990260001
2,4,29,82,9742867.82991
2,4,29,83,9422190.519539999
2,4,29,84,3824297.62188
2,4,29,85,4847133.548199999
2,4,29,86,2446819.5014699996
2,4,29,87,2500806.5627300004
2,4,29,88,1798457.2752899998
2,4,30,0,1217465.1533
2,4,30,1,605185.85653
2,4,30,2,566757.7058499999
2,4,30,3,672503.87746
2,4,30,4,483646.93786
2,4,30,5,1092786.80354
2,4,30,6,206640.19951
2,4,30,7,91123.51161999999
2,4,30,8,112733.0373
2,4,30,9,117821.19694999998
2,4,30,10,75788.41007
2,4,30,11,82369.13851
2,4,30,12,92545.73378
2,4,30,13,241975.27738
2,4,30,14,78472.59202999999
2,4,30,15,648950.8244500001
2,4,30,16,60773.53237
2,4,30,17,53434.26555
2,4,30,18,4355028.77697
2,4,30,19,4731847.6082
2,4,30,20,4560852.294290001
2,4,30,21,2544878.9642100004
2,4,30,22,3744880.05053
2,4,30,23,3013880.8060399997
2,4,30,24,3395369.0999499997
2,4,30,25,2949059.2553999997
2,4,30,26,1687317.23988
2,4,30,27,2469192.26097
2,4,30,28,2068280.22685
2,4,30,29,2038977.67874
2,4,30,30,1101493.3456499998
2,4,30,31,843099.28042
2,4,30,32,1757400.3782799998
2,4,30,33,1802566.1836899996
2,4,30,34,1729127.8059099999
2,4,30,35,17066459.9897
2,4,30,36,17234636.75085
2,4,30,37,16863282.7425
2,4,30,38,16058041.54452
2,4,30,39,4655725.92008
2,4,30,40,6391161.821109999
2,4,30,41,9419268.69129
2,4,30,42,8657186.509760002
2,4,30,43,4424142.00814
2,4,30,44,4546986.087619999
2,4,30,45,4384761.524420001
2,4,30,46,5408250.96591
2,4,30,47,5576307.583609999
2,4,30,48,5844472.68267
2,4,30,49,6031068.84108
2,4,30,50,5775543.424919999
2,4,30,51,6671120.577449999
2,4,30,52,3909245.2218300006
2,4,30,53,5645831.294639999
2,4,30,54,4090347.34476
2,4,30,55,6144210.824319999
2,4,30,56,3294107.8116900004
2,4,30,57,5948024.75625
2,4,30,58,256578.58604000002
2,4,30,59,252424.85451
2,4,30,60,250128.70072
2,4,30,61,241119.91618000003
2,4,30,62,115112.37866999999
2,4,30,63,54790.511159999995
2,4,30,64,384484.63467
2,4,30,65,471994.4974
2,4,30,66,1500.0012499999998
2,4,30,67,264977.39669
2,4,30,68,204191.16582999998
2,4,30,69,171648.23053
2,4,30,70,153107.33881000002
2,4,30,71,190831.73932
2,4,30,72,230922.21269
2,4,30,73,200910.98867
2,4,30,74,31273.080039999997
2,4,30,75,12063.97672
2,4,30,76,792131.85671
2,4,30,77,62564.93399
2,4,30,78,906881.74001
2,4,30,79,1336147.61505
2,4,30,80,1673237.3032499999
2,4,30,81,19696145.272579998
2,4,30,82,20169635.20387
2,4,30,83,19378933.783880003
2,4,30,84,11113742.950860001
2,4,30,85,12657473.22487
2,4,30,86,8347046.92915
2,4,30,87,8057006.947509999
2,4,30,88,1209802.7195499998
2,4,31,0,2819074.24324
2,4,31,1,940698.1358699999
2,4,31,2,897803.8828499999
2,4,31,3,971377.4907099999
2,4,31,4,876954.455
2,4,31,5,2515076.0094299996
2,4,31,6,1014995.69211
2,4,31,7,1438440.46917
2,4,31,8,996228.4114699998
2,4,31,9,1105249.9830800002
2,4,31,10,1083850.44208
2,4,31,11,1259227.565
2,4,31,12,1248240.75137
2,4,31,13,657909.3736700001
2,4,31,14,1408924.3056700001
2,4,31,15,1989508.5398800003
2,4,31,16,1693532.00044
2,4,31,17,1048786.00665
2,4,31,18,14513371.368390001
2,4,31,19,15435228.63306
2,4,31,20,14904045.50741
2,4,31,21,8958150.526470002
2,4,31,22,12249501.06158
2,4,31,23,12692506.25574
2,4,31,24,13105383.6596
2,4,31,25,10682026.7225
2,4,31,26,6494928.571260001
2,4,31,27,12335123.42953
2,4,31,28,7261831.2917599995
2,4,31,29,9280218.92303
2,4,31,30,5700292.164729999
2,4,31,31,5497210.259039999
2,4,31,32,11339157.69229
2,4,31,33,11711393.494140001
2,4,31,34,11979312.833730001
2,4,31,35,10727983.67481
2,4,31,36,10754806.303679999
2,4,31,37,10545485.023040002
2,4,31,38,10068696.70333
2,4,31,39,5199483.72449
2,4,31,40,6906135.97177
2,4,31,41,5439058.097909999
2,4,31,42,4862687.8565299995
2,4,31,43,5220440.778469999
2,4,31,44,5259625.726220001
2,4,31,45,5134526.117550001
2,4,31,46,4065486.0225000004
2,4,31,47,3997206.96728
2,4,31,48,15065304.09589
2,4,31,49,15494262.00181
2,4,31,50,14877883.536230002
2,4,31,51,17004292.79332
2,4,31,52,10542955.171100002
2,4,31,53,14494088.107810002
2,4,31,54,10867135.81041
2,4,31,55,15526330.020790001
2,4,31,56,7997071.9768199995
2,4,31,57,14369552.816270001
2,4,31,58,44792.67152
2,4,31,59,44541.442030000006
2,4,31,60,41748.389989999996
2,4,31,61,40175.42609000001
2,4,31,62,8367.92737
2,4,31,63,2738.05697
2,4,31,64,7464.58267
2,4,31,65,17357.72861
2,4,31,66,4031.0254
2,4,31,67,212.92329999999998
2,4,31,68,-9398.619490000001
2,4,31,69,-532.7468999999999
2,4,31,70,3890.3836299999966
2,4,31,71,-558318.5404199999
2,4,31,72,-31171.96953999999
2,4,31,73,-57595.51183
2,4,31,74,-350.18411000000197
2,4,31,75,1885491.64809
2,4,31,76,10463339.80754
2,4,31,77,3122837.99749
2,4,31,78,11247780.77856
2,4,31,79,329808.98062000005
2,4,31,80,443713.62376
2,4,31,81,5139206.119399999
2,4,31,82,5271471.384769999
2,4,31,83,5124496.606559999
2,4,31,84,1569740.71709
2,4,31,85,2184996.34007
2,4,31,86,863314.22528
2,4,31,87,940602.50657
2,4,31,88,2218739.3924499997
2,4,32,0,2633129.8680800004
2,4,32,1,1495148.72468
2,4,32,2,1433335.28455
2,4,32,3,1559529.31934
2,4,32,4,1399223.9099100002
2,4,32,5,2294115.92329
2,4,32,6,1506739.8139199999
2,4,32,7,1618058.60375
2,4,32,8,1391752.0627499998
2,4,32,9,1521853.63664
2,4,32,10,1395160.85146
2,4,32,11,1627856.13134
2,4,32,12,1653299.66476
2,4,32,13,1075215.01177
2,4,32,14,1599823.46312
2,4,32,15,1879590.9389600002
2,4,32,16,2068451.11084
2,4,32,17,1244634.10492
2,4,32,18,13495872.29272
2,4,32,19,14312061.493660001
2,4,32,20,13852550.69961
2,4,32,21,8205641.2507
2,4,32,22,11859611.974380001
2,4,32,23,12334261.80706
2,4,32,24,12749004.36834
2,4,32,25,10498969.155100001
2,4,32,26,5932728.30522
2,4,32,27,12413473.53883
2,4,32,28,6661028.665329999
2,4,32,29,8991290.835210001
2,4,32,30,5444264.3009
2,4,32,31,5429933.40315
2,4,32,32,12152622.00699
2,4,32,33,12783790.265290001
2,4,32,34,12762221.6578
2,4,32,35,9910884.732499998
2,4,32,36,9912182.72557
2,4,32,37,9723215.30253
2,4,32,38,9370181.395779999
2,4,32,39,4946198.49444
2,4,32,40,6733355.665079999
2,4,32,41,4751038.401649999
2,4,32,42,4193388.83306
2,4,32,43,4987800.093299999
2,4,32,44,5026737.682890001
2,4,32,45,4910791.41191
2,4,32,46,3633803.5362800006
2,4,32,47,3536914.5328599997
2,4,32,48,13664061.647459999
2,4,32,49,14096094.12772
2,4,32,50,13473545.929940002
2,4,32,51,15570648.40352
2,4,32,52,9434987.38696
2,4,32,53,13344826.737480002
2,4,32,54,9687214.30044
2,4,32,55,14184777.21457
2,4,32,56,7047111.51407
2,4,32,57,13162659.56991
2,4,32,58,11788.258979999999
2,4,32,59,11902.135330000001
2,4,32,60,10710.30319
2,4,32,61,10276.91978
2,4,32,62,1435.0086
2,4,32,63,5878.77126
2,4,32,64,677.69534
2,4,32,65,2297.8265699999997
2,4,32,66,-523.3619399999952
2,4,32,67,-83.58986000000004
2,4,32,68,-3106.6558700000023
2,4,32,69,-15240.949409999997
2,4,32,70,38445.85800000001
2,4,32,71,-1216.5471099999995
2,4,32,72,-29019.122779999998
2,4,32,73,-28914.48462
2,4,32,74,26190.0169
2,4,32,75,2056782.20167
2,4,32,76,10154724.0373
2,4,32,77,3191317.80459
2,4,32,78,10875116.63393
2,4,32,79,126024.67395999999
2,4,32,80,178877.00532
2,4,32,81,3466646.64017
2,4,32,82,3566126.95988
2,4,32,83,3452782.2088
2,4,32,84,964081.14695
2,4,32,85,1376549.5563400001
2,4,32,86,497053.53595
2,4,32,87,541658.2792400001
2,4,32,88,1683102.2748699998
2,4,33,0,928275.04819
2,4,33,1,2268.6734
2,4,33,2,2081.3020500000002
2,4,33,3,1738.9365300000002
2,4,33,4,1264.56666
2,4,33,5,932348.82089
2,4,33,6,5113.02963
2,4,33,7,113617.76845
2,4,33,8,5178.63695
2,4,33,9,7211.258419999999
2,4,33,10,18844.17069
2,4,33,11,118166.31394
2,4,33,12,87489.131
2,4,33,13,16940.488470000004
2,4,33,14,104160.35802
2,4,33,15,564212.61994
2,4,33,16,79227.23816000001
2,4,33,17,52768.473309999994
2,4,33,18,6791881.32644
2,4,33,19,7434798.36303
2,4,33,20,7023935.188410001
2,4,33,21,4118028.5034600003
2,4,33,22,4350477.045179999
2,4,33,23,4542446.759190001
2,4,33,24,4651559.11244
2,4,33,25,3372077.9250499997
2,4,33,26,2844428.39394
2,4,33,27,3628308.0898100003
2,4,33,28,3158423.5138000003
2,4,33,29,3146734.0067699994
2,4,33,30,1896075.1078599999
2,4,33,31,1502120.1002399998
2,4,33,32,2317468.93703
2,4,33,33,2178363.71844
2,4,33,34,2641606.2950999998
2,4,33,35,7578711.9819
2,4,33,36,7707535.92565
2,4,33,37,7508309.193709999
2,4,33,38,6847330.779399999
2,4,33,39,2081862.32322
2,4,33,40,2626325.3564899997
2,4,33,41,4439774.02908
2,4,33,42,4151556.06425
2,4,33,43,2002477.0556299998
2,4,33,44,2033252.9464399999
2,4,33,45,1958864.29471
2,4,33,46,2482691.4651200003
2,4,33,47,2601222.1549799996
2,4,33,48,8060840.11329
2,4,33,49,8197768.45999
2,4,33,50,8007316.25184
2,4,33,51,8845450.3478
2,4,33,52,5651405.14724
2,4,33,53,7077769.63985
2,4,33,54,5988346.89884
2,4,33,55,8026517.0408
2,4,33,56,4410082.36475
2,4,33,57,7207196.64226
2,4,33,58,637339.38379
2,4,33,59,618862.26572
2,4,33,60,622913.2494699999
2,4,33,61,604864.99507
2,4,33,62,403774.26704000006
2,4,33,63,249465.10733
2,4,33,64,557420.7995300001
2,4,33,65,702154.85054
2,4,33,66,75694.89996000001
2,4,33,67,274385.46903000004
2,4,33,68,57947.918979999995
2,4,33,69,162152.8899
2,4,33,70,894.5119300000003
2,4,33,71,21509.03269
2,4,33,72,136856.08028999998
2,4,33,73,118173.34688
2,4,33,74,4683.554350000002
2,4,33,75,390773.65215000004
2,4,33,76,5643918.032470001
2,4,33,77,976142.5646100001
2,4,33,78,6367724.19953
2,4,33,79,2528249.7841600003
2,4,33,80,3171267.41742
2,4,33,81,16561999.77638
2,4,33,82,16943225.16492
2,4,33,83,16368191.9062
2,4,33,84,8002135.01908
2,4,33,85,9538565.23843
2,4,33,86,5712478.63989
2,4,33,87,5612596.17119
2,4,33,88,2094977.9467299997
2,4,34,0,1987117.66981
2,4,34,1,818904.87605
2,4,34,2,772104.6917199999
2,4,34,3,874704.6643
2,4,34,4,705669.32551
2,4,34,5,1747193.74786
2,4,34,6,539722.63515
2,4,34,7,504285.24345999997
2,4,34,8,427379.25228
2,4,34,9,468668.86357
2,4,34,10,397060.36416999996
2,4,34,11,457811.54534
2,4,34,12,468759.91706
2,4,34,13,427927.39262
2,4,34,14,475703.35728
2,4,34,15,1219303.43753
2,4,34,16,511854.25208
2,4,34,17,339547.54994
2,4,34,18,8821894.95014
2,4,34,19,9448591.030459998
2,4,34,20,9135544.69767
2,4,34,21,5268743.423900001
2,4,34,22,7713349.50078
2,4,34,23,7170919.929440001
2,4,34,24,7693040.91861
2,4,34,25,6488656.156900001
2,4,34,26,3658169.96391
2,4,34,27,6620273.934000001
2,4,34,28,4278196.7395
2,4,34,29,5069993.441590001
2,4,34,30,2914964.32352
2,4,34,31,2617839.2731000003
2,4,34,32,5658667.561830001
2,4,34,33,5861945.157980001
2,4,34,34,5794019.07037
2,4,34,35,14846655.020069998
2,4,34,36,14930603.00502
2,4,34,37,14626180.721129999
2,4,34,38,13988530.1089
2,4,34,39,5360523.563070001
2,4,34,40,7325981.19926
2,4,34,41,7730496.833950001
2,4,34,42,6981575.170020001
2,4,34,43,5242982.36826
2,4,34,44,5336859.393840001
2,4,34,45,5177373.46116
2,4,34,46,5025192.593190001
2,4,34,47,5050207.252750001
2,4,34,48,10140095.01316
2,4,34,49,10465210.046629999
2,4,34,50,10007397.76139
2,4,34,51,11569446.12258
2,4,34,52,6894881.84364
2,4,34,53,9877722.87761
2,4,34,54,7136410.24886
2,4,34,55,10599981.91947
2,4,34,56,5439141.57985
2,4,34,57,10044996.667739999
2,4,34,58,48622.6623
2,4,34,59,48264.18787
2,4,34,60,45670.425800000005
2,4,34,61,43277.52850000001
2,4,34,62,6719.63743
2,4,34,63,787.7686800000001
2,4,34,64,38713.9633
2,4,34,65,63670.29278
2,4,34,66,-1096.180080000002
2,4,34,67,10325.602589999999
2,4,34,68,4588.596740000001
2,4,34,69,2482.06881
2,4,34,70,27852.52834
2,4,34,71,7356.538689999999
2,4,34,72,3846.9105899999995
2,4,34,73,2882.7159399999996
2,4,34,74,262.25134000000253
2,4,34,75,360923.80596
2,4,34,76,3536453.9258600003
2,4,34,77,754350.64888
2,4,34,78,3849282.7051
2,4,34,79,472898.50867999997
2,4,34,80,627892.7226699999
2,4,34,81,10282481.57494
2,4,34,82,10542614.9568
2,4,34,83,10168702.749009999
2,4,34,84,4549945.729160001
2,4,34,85,5592731.33708
2,4,34,86,3035867.55442
2,4,34,87,3055948.9169300003
2,4,34,88,1516118.91812
2,4,35,0,2312986.26588
2,4,35,1,1741645.04867
2,4,35,2,1670788.97724
2,4,35,3,1830963.6456499998
2,4,35,4,1624192.2143299996
2,4,35,5,1982136.5796899998
2,4,35,6,1659084.4088899998
2,4,35,7,1517108.5271399997
2,4,35,8,1471727.0450999998
2,4,35,9,1599300.2885299998
2,4,35,10,1405934.48792
2,4,35,11,1648797.16336
2,4,35,12,1698589.6798599998
2,4,35,13,1244012.31173
2,4,35,14,1505953.44924
2,4,35,15,1639027.9057099998
2,4,35,16,2031883.3702999998
2,4,35,17,1193317.6790399998
2,4,35,18,12001342.18473
2,4,35,19,12721007.098340001
2,4,35,20,12324112.51653
2,4,35,21,7178021.99917
2,4,35,22,10781678.12567
2,4,35,23,11187078.53054
2,4,35,24,11593350.839930002
2,4,35,25,9592874.33768
2,4,35,26,5147095.05617
2,4,35,27,11455275.85413
2,4,35,28,5814381.44123
2,4,35,29,8096525.508450001
2,4,35,30,4815912.40173
2,4,35,31,4880781.40688
2,4,35,32,11579050.372200001
2,4,35,33,12314398.03258
2,4,35,34,12116651.278560001
2,4,35,35,9355469.74387
2,4,35,36,9348877.42837
2,4,35,37,9169192.81622
2,4,35,38,8876246.631150002
2,4,35,39,4557405.691810001
2,4,35,40,6328303.08037
2,4,35,41,4324229.76576
2,4,35,42,3788194.01961
2,4,35,43,4596599.9874
2,4,35,44,4637838.194250001
2,4,35,45,4528778.615390001
2,4,35,46,3280583.9567400003
2,4,35,47,3182040.29138
2,4,35,48,12049929.52598
2,4,35,49,12458615.69038
2,4,35,50,11869621.759120002
2,4,35,51,13832473.0387
2,4,35,52,8207484.698759999
2,4,35,53,11869063.450250002
2,4,35,54,8413857.00543
2,4,35,55,12573789.902520001
2,4,35,56,6067086.75556
2,4,35,57,11689195.74343
2,4,35,58,3415.46535
2,4,35,59,3497.55048
2,4,35,60,3014.0164
2,4,35,61,2854.0647099999996
2,4,35,62,432.09670000000006
2,4,35,63,161172.16046
2,4,35,64,85.9271
2,4,35,65,480.24358
2,4,35,66,2555.658660000001
2,4,35,67,-3798.1742400000003
2,4,35,68,-44196.7246
2,4,35,69,-15235.024000000001
2,4,35,70,67184.82545
2,4,35,71,-228.62225000000035
2,4,35,72,-1080586.9866399998
2,4,35,73,-786376.75865
2,4,35,74,33240.24734999999
2,4,35,75,1887995.0228799998
2,4,35,76,9101571.17227
2,4,35,77,2859035.35419
2,4,35,78,9745662.780420002
2,4,35,79,62406.42661
2,4,35,80,93995.3078
2,4,35,81,2929951.0997800003
2,4,35,82,3020693.7906400003
2,4,35,83,2910532.61038
2,4,35,84,817175.8562500001
2,4,35,85,1157510.5030999999
2,4,35,86,419896.58631
2,4,35,87,447239.7512
2,4,35,88,1298432.73219
2,4,36,0,1310624.4175
2,4,36,1,564310.8978499998
2,4,36,2,527598.3077
2,4,36,3,622350.5217899999
2,4,36,4,456062.86158
2,4,36,5,1167249.32762
2,4,36,6,228052.42006
2,4,36,7,137184.90416
2,4,36,8,139284.29791999998
2,4,36,9,149540.06996999998
2,4,36,10,106148.10161000001
2,4,36,11,119325.77541000002
2,4,36,12,127044.31972
2,4,36,13,232179.77185999998
2,4,36,14,121779.85058000001
2,4,36,15,716705.24996
2,4,36,16,102698.92315000002
2,4,36,17,80879.50559000002
2,4,36,18,5263785.53274
2,4,36,19,5700683.793629999
2,4,36,20,5494504.4744
2,4,36,21,3070185.2689000005
2,4,36,22,4509006.33182
2,4,36,23,3819087.07755
2,4,36,24,4230458.17914
2,4,36,25,3613273.5863699997
2,4,36,26,2049865.1269800002
2,4,36,27,3248331.11493
2,4,36,28,2479396.82796
2,4,36,29,2604096.68722
2,4,36,30,1418900.62297
2,4,36,31,1143168.2806100002
2,4,36,32,2446663.50167
2,4,36,33,2514590.0819800003
2,4,36,34,2451233.2538099997
2,4,36,35,15948841.63637
2,4,36,36,16092111.85493
2,4,36,37,15745712.46429
2,4,36,38,14992380.78816
2,4,36,39,4615171.26133
2,4,36,40,6351347.07656
2,4,36,41,8622727.410459999
2,4,36,42,7883222.35139
2,4,36,43,4418771.785019999
2,4,36,44,4530235.988639999
2,4,36,45,4373171.734689999
2,4,36,46,5069239.24845
2,4,36,47,5195424.832
2,4,36,48,6728550.6772
2,4,36,49,6944473.488909999
2,4,36,50,6646080.903089999
2,4,36,51,7686551.933479999
2,4,36,52,4499967.012809999
2,4,36,53,6499654.587669999
2,4,36,54,4697256.04912
2,4,36,55,7057206.293579999
2,4,36,56,3694710.2284700004
2,4,36,57,6771257.24555
2,4,36,58,157287.46632
2,4,36,59,154702.59556
2,4,36,60,152065.97256
2,4,36,61,145738.66075
2,4,36,62,55506.61382
2,4,36,63,20515.11401
2,4,36,64,216532.77529999995
2,4,36,65,281428.23365000007
2,4,36,66,-6405.537339999997
2,4,36,67,127504.56333
2,4,36,68,87342.23086000001
2,4,36,69,72308.15151000001
2,4,36,70,78752.48377
2,4,36,71,75922.88500000001
2,4,36,72,109931.02597999998
2,4,36,73,81196.73555
2,4,36,74,11999.440639999999
2,4,36,75,40218.971809999995
2,4,36,76,1286179.36416
2,4,36,77,145010.29827
2,4,36,78,1447489.0155300002
2,4,36,79,997769.80271
2,4,36,80,1273933.62994
2,4,36,81,16504673.82341
2,4,36,82,16909318.333559997
2,4,36,83,16256395.6222
2,4,36,84,8758541.47594
2,4,36,85,10160814.92932
2,4,36,86,6390561.42569
2,4,36,87,6219827.95223
2,4,36,88,1223540.0769099998
2,4,37,0,2612599.5398100005
2,4,37,1,1078881.6837299997
2,4,37,2,1026294.3863499999
2,4,37,3,1128305.5327599999
2,4,37,4,978021.11649
2,4,37,5,2300457.98614
2,4,37,6,962166.02194
2,4,37,7,1102388.17446
2,4,37,8,867474.99764
2,4,37,9,954602.28862
2,4,37,10,877702.28283
2,4,37,11,1016247.1295099999
2,4,37,12,1024139.9478300001
2,4,37,13,683996.49991
2,4,37,14,1069201.4484599999
2,4,37,15,1758049.4149299997
2,4,37,16,1260183.6539699999
2,4,37,17,797333.02049
2,4,37,18,12418889.39499
2,4,37,19,13218491.30578
2,4,37,20,12789264.256479999
2,4,37,21,7572295.31462
2,4,37,22,10818413.782780001
2,4,37,23,10744752.29617
2,4,37,24,11264094.84008
2,4,37,25,9366461.337340001
2,4,37,26,5414904.34052
2,4,37,27,10362815.969470002
2,4,37,28,6164107.68425
2,4,37,29,7779518.825290001
2,4,37,30,4664185.48444
2,4,37,31,4433425.3697999995
2,4,37,32,9456113.08911
2,4,37,33,9822480.0186
2,4,37,34,9841474.95446
2,4,37,35,12839427.405919999
2,4,37,36,12878249.12226
2,4,37,37,12627402.73863
2,4,37,38,12105930.609790001
2,4,37,39,5612404.39693
2,4,37,40,7576142.9695
2,4,37,41,6520928.82551
2,4,37,42,5838384.70056
2,4,37,43,5582842.22426
2,4,37,44,5648285.5457500005
2,4,37,45,5502522.33604
2,4,37,46,4647494.0753500005
2,4,37,47,4597260.49118
2,4,37,48,13298646.42221
2,4,37,49,13708214.8031
2,4,37,50,13123946.42627
2,4,37,51,15108818.11687
2,4,37,52,9194203.99286
2,4,37,53,12942534.48824
2,4,37,54,9473750.73467
2,4,37,55,13819604.451010002
2,4,37,56,7068716.82391
2,4,37,57,12940566.12259
2,4,37,58,28493.43112
2,4,37,59,28526.838369999998
2,4,37,60,26275.51298
2,4,37,61,25014.72435
2,4,37,62,2688.05787
2,4,37,63,408.97863
2,4,37,64,7504.36613
2,4,37,65,17133.269519999998
2,4,37,66,711.0497
2,4,37,67,411.02267
2,4,37,68,-1792.3862399999998
2,4,37,69,159.38553000000002
2,4,37,70,11757.733150000007
2,4,37,71,-45710.526580000005
2,4,37,72,-1293301.2038499997
2,4,37,73,-67430.45273
2,4,37,74,4128.854020000028
2,4,37,75,1156033.20991
2,4,37,76,7170100.4732
2,4,37,77,1998176.5358199999
2,4,37,78,7710319.5326000005
2,4,37,79,289454.86079
2,4,37,80,392668.72807
2,4,37,81,6408843.899410001
2,4,37,82,6574917.963199999
2,4,37,83,6367950.1746499995
2,4,37,84,2282611.52533
2,4,37,85,3013913.3855600003
2,4,37,86,1360894.26801
2,4,37,87,1432431.3347099999
2,4,37,88,1874643.8794499997
2,4,38,0,876815.59708
2,4,38,1,3823301.53907
2,4,38,2,3707045.23722
2,4,38,3,4247160.27648
2,4,38,4,3304664.36873
2,4,38,5,826822.31638
2,4,38,6,1388988.74894
2,4,38,7,110849.06023999999
2,4,38,8,716668.6278499999
2,4,38,9,650053.4876199999
2,4,38,10,335023.93192
2,4,38,11,314417.70842000004
2,4,38,12,395378.84146
2,4,38,13,2320164.85917
2,4,38,14,103701.63175
2,4,38,15,532861.46487
2,4,38,16,93329.50139
2,4,38,17,165990.93803000002
2,4,38,18,412909.77699
2,4,38,19,453337.33048000006
2,4,38,20,449829.67786000005
2,4,38,21,295645.99627
2,4,38,22,527997.9860999999
2,4,38,23,191933.38509000003
2,4,38,24,286356.69959000003
2,4,38,25,391369.21341
2,4,38,26,221081.86948000002
2,4,38,27,120416.34623
2,4,38,28,303686.44126999995
2,4,38,29,141220.36684
2,4,38,30,99353.64072
2,4,38,31,52763.68261
2,4,38,32,96653.16619999999
2,4,38,33,132103.14243
2,4,38,34,58943.49628
2,4,38,35,21731238.589169998
2,4,38,36,21998512.01833
2,4,38,37,21556901.10915
2,4,38,38,20847468.27785
2,4,38,39,4647712.16107
2,4,38,40,6267131.44392
2,4,38,41,13429890.285579998
2,4,38,42,12704029.224489998
2,4,38,43,4248728.67761
2,4,38,44,4429834.836790001
2,4,38,45,4272154.635790001
2,4,38,46,7128120.87163
2,4,38,47,7532304.931150001
2,4,38,48,998175.7154
2,4,38,49,1032347.03538
2,4,38,50,990223.9336
2,4,38,51,1133711.23331
2,4,38,52,716191.79259
2,4,38,53,1039173.82577
2,4,38,54,752781.4279799999
2,4,38,55,1105744.26852
2,4,38,56,868643.6088099999
2,4,38,57,1240789.0611500002
2,4,38,58,2760431.60753
2,4,38,59,2727434.46393
2,4,38,60,2769473.17569
2,4,38,61,2735921.86337
2,4,38,62,2687503.87825
2,4,38,63,2426896.28057
2,4,38,64,4836863.220550001
2,4,38,65,4892575.486210001
2,4,38,66,1441097.70194
2,4,38,67,5310898.1007
2,4,38,68,6112838.55286
2,4,38,69,5055885.56552
2,4,38,70,5032073.65675
2,4,38,71,6243520.31133
2,4,38,72,6572493.80462
2,4,38,73,6249390.41467
2,4,38,74,3290357.21871
2,4,38,75,-913.6184500000672
2,4,38,76,-25.683709999999977
2,4,38,77,-908.0242900000012
2,4,38,78,131.04086
2,4,38,79,5513167.4213000005
2,4,38,80,6221805.74372
2,4,38,81,42176544.4224
2,4,38,82,43115928.41968
2,4,38,83,41180446.76913
2,4,38,84,33601377.28401
2,4,38,85,34550970.644039996
2,4,38,86,29292969.19197
2,4,38,87,26957819.0695
2,4,38,88,993144.5415299999
2,4,39,0,6574.999650000001
2,4,39,1,810682.6173599999
2,4,39,2,775346.8296099999
2,4,39,3,966739.63203
2,4,39,4,680149.9257599999
2,4,39,5,4381.87945
2,4,39,6,235924.78548000002
2,4,39,7,105.61421999999993
2,4,39,8,78901.34886999999
2,4,39,9,72020.34799999998
2,4,39,10,16277.72021
2,4,39,11,22080.394009999996
2,4,39,12,37826.97449
2,4,39,13,441210.92678
2,4,39,14,9146.310109999999
2,4,39,15,712.3448999999999
2,4,39,16,9252.19393
2,4,39,17,2919.5903900000003
2,4,39,18,108459.73474000001
2,4,39,19,134257.13637
2,4,39,20,120698.9559
2,4,39,21,21129.437579999998
2,4,39,22,78863.06151999999
2,4,39,23,55423.12655
2,4,39,24,70465.07452
2,4,39,25,47713.03873000001
2,4,39,26,4537.85499
2,4,39,27,56434.165680000006
2,4,39,28,9729.70127
2,4,39,29,14987.37346
2,4,39,30,825.75832
2,4,39,31,597.7733499999999
2,4,39,32,99513.51685999999
2,4,39,33,154285.50556000002
2,4,39,34,106677.18435000001
2,4,39,35,4393211.46801
2,4,39,36,4465425.386910001
2,4,39,37,4331194.9838000005
2,4,39,38,4118513.44931
2,4,39,39,381732.44513
2,4,39,40,708560.01163
2,4,39,41,1988961.27559
2,4,39,42,1804842.19535
2,4,39,43,331764.46869
2,4,39,44,356760.61678
2,4,39,45,332750.77123
2,4,39,46,695576.0456499999
2,4,39,47,759118.44757
2,4,39,48,199557.56802
2,4,39,49,213744.78853000002
2,4,39,50,194484.35284000004
2,4,39,51,268042.56785
2,4,39,52,74448.93649
2,4,39,53,180755.12214000002
2,4,39,54,85246.99514
2,4,39,55,220936.41257000001
2,4,39,56,50527.93609
2,4,39,57,203977.20272000003
2,4,39,58,309453.84427
2,4,39,59,298619.38228
2,4,39,60,313209.4874
2,4,39,61,307114.72448000003
2,4,39,62,393337.65176
2,4,39,63,381153.04724999995
2,4,39,64,758825.69079
2,4,39,65,744826.22955
2,4,39,66,305114.47177
2,4,39,67,949931.8830299999
2,4,39,68,1262807.8405100002
2,4,39,69,979930.5747700001
2,4,39,70,1067202.38341
2,4,39,71,1360981.7305100001
2,4,39,72,1518041.09012
2,4,39,73,1431470.93857
2,4,39,74,734163.83668
2,4,39,75,4461.966369999998
2,4,39,76,264340.58842999995
2,4,39,77,-2972.4265799999703
2,4,39,78,342710.94095
2,4,39,79,955949.64866
2,4,39,80,1197215.14599
2,4,39,81,12882124.639339998
2,4,39,82,13271383.28198
2,4,39,83,12475076.40411
2,4,39,84,9398508.02707
2,4,39,85,9700320.661360001
2,4,39,86,7895042.616730001
2,4,39,87,6919204.88492
2,4,39,88,19507.69162
2,4,40,0,7426479.197969999
2,4,40,1,15462446.838380001
2,4,40,2,15251719.52483
2,4,40,3,15971746.25747
2,4,40,4,15494030.67929
2,4,40,5,6585626.6471299995
2,4,40,6,17430391.006939996
2,4,40,7,14166276.17919
2,4,40,8,16463233.05843
2,4,40,9,17165305.54492
2,4,40,10,15568763.62983
2,4,40,11,17435391.45757
2,4,40,12,18044933.509800002
2,4,40,13,14950820.66071
2,4,40,14,14569906.544410001
2,4,40,15,7401927.158960001
2,4,40,16,20606234.821500003
2,4,40,17,13557642.227880001
2,4,40,18,26888052.248239998
2,4,40,19,27692142.266930003
2,4,40,20,27098094.36845
2,4,40,21,18334611.06688
2,4,40,22,25956039.459739998
2,4,40,23,31042884.738830004
2,4,40,24,30493612.33275
2,4,40,25,25766331.450340003
2,4,40,26,15191799.98659
2,4,40,27,36299172.11653999
2,4,40,28,15761142.774160001
2,4,40,29,24913104.62672
2,4,40,30,17748799.07786
2,4,40,31,20525772.39722
2,4,40,32,45031982.69292
2,4,40,33,49051996.714899994
2,4,40,34,47711681.65395
2,4,40,35,4306403.87134
2,4,40,36,4196901.828360001
2,4,40,37,4178935.92288
2,4,40,38,4364140.061749999
2,4,40,39,6558526.06553
2,4,40,40,8299861.64537
2,4,40,41,1993375.6689499998
2,4,40,42,1713584.27523
2,4,40,43,7004405.89527
2,4,40,44,6926782.695230001
2,4,40,45,6929206.20744
2,4,40,46,3009903.55914
2,4,40,47,2691256.3908499996
2,4,40,48,21625267.665000003
2,4,40,49,22249526.03443
2,4,40,50,21309423.65949
2,4,40,51,24291750.03788
2,4,40,52,16374987.535580002
2,4,40,53,21823804.23696
2,4,40,54,16400240.266120002
2,4,40,55,22272766.230830003
2,4,40,56,11956983.02682
2,4,40,57,20404631.33347
2,4,40,58,762859.4823999999
2,4,40,59,769425.4044
2,4,40,60,768374.4887
2,4,40,61,784370.63487
2,4,40,62,1161620.90413
2,4,40,63,1635277.23184
2,4,40,64,439488.29657999997
2,4,40,65,363113.43912
2,4,40,66,4415215.965659999
2,4,40,67,697281.00275
2,4,40,68,1564474.29423
2,4,40,69,1105404.2847499999
2,4,40,70,5213011.00181
2,4,40,71,2309226.50534
2,4,40,72,1339964.4237499998
2,4,40,73,1455890.64182
2,4,40,74,6223851.45965
2,4,40,75,22071662.7097
2,4,40,76,47355748.24633999
2,4,40,77,24905480.55741
2,4,40,78,49630545.06567
2,4,40,79,248026.55755000003
2,4,40,80,224456.87041
2,4,40,81,661.2547699999999
2,4,40,82,721.3959699999999
2,4,40,83,869.76394
2,4,40,84,-27972.31979000001
2,4,40,85,-8261.481679999999
2,4,40,86,-16639.22349
2,4,40,87,-926.6911299997009
2,4,40,88,3584379.5411099996
2,4,41,0,2982265.5970199998
2,4,41,1,8880563.6386
2,4,41,2,8677641.729519999
2,4,41,3,9355867.97511
2,4,41,4,8605140.04238
2,4,41,5,2461566.0663199998
2,4,41,6,8517344.336830001
2,4,41,7,5164593.330949999
2,4,41,8,7325598.07357
2,4,41,9,7645144.70442
2,4,41,10,6335732.201409999
2,4,41,11,7255466.427669999
2,4,41,12,7711541.191919999
2,4,41,13,7590467.090679999
2,4,41,14,5310798.52167
2,4,41,15,2650418.2335499995
2,4,41,16,8120291.08941
2,4,41,17,4946672.99377
2,4,41,18,12327820.26766
2,4,41,19,12778633.84419
2,4,41,20,12521583.672209999
2,4,41,21,7581628.34463
2,4,41,22,12753863.21813
2,4,41,23,14373259.18017
2,4,41,24,14520402.81287
2,4,41,25,12444048.98493
2,4,41,26,5853330.85359
2,4,41,27,17110352.08717
2,4,41,28,6371506.19226
2,4,41,29,10902318.92155
2,4,41,30,6937872.64029
2,4,41,31,8170202.38907
2,4,41,32,21944391.111460004
2,4,41,33,24479449.609920003
2,4,41,34,22874691.50599
2,4,41,35,5393255.18881
2,4,41,36,5307627.68954
2,4,41,37,5236992.63108
2,4,41,38,5367592.478909999
2,4,41,39,4215584.74431
2,4,41,40,6017493.64455
2,4,41,41,2062965.43355
2,4,41,42,1717393.12951
2,4,41,43,4398841.313499999
2,4,41,44,4407687.81708
2,4,41,45,4358132.30833
2,4,41,46,2146256.70421
2,4,41,47,1955514.9764
2,4,41,48,10292566.72146
2,4,41,49,10713557.60073
2,4,41,50,10093937.95499
2,4,41,51,12029985.66748
2,4,41,52,7107919.144619999
2,4,41,53,10723442.31363
2,4,41,54,7114261.94886
2,4,41,55,10904130.788940001
2,4,41,56,4989889.56035
2,4,41,57,10143502.60985
2,4,41,58,20397.79672
2,4,41,59,21423.261309999998
2,4,41,60,20915.45101
2,4,41,61,22184.24082
2,4,41,62,57061.814410000006
2,4,41,63,128051.46956
2,4,41,64,10029.203500000001
2,4,41,65,4741.17782
2,4,41,66,757776.10352
2,4,41,67,53484.1617
2,4,41,68,371569.46602999995
2,4,41,69,135511.91018
2,4,41,70,2225478.82848
2,4,41,71,718886.4479999999
2,4,41,72,254348.90681
2,4,41,73,280874.62939
2,4,41,74,2224713.6310699997
2,4,41,75,7178669.70385
2,4,41,76,17263022.950370003
2,4,41,77,8121880.21596
2,4,41,78,18158706.28824
2,4,41,79,280.8928400000001
2,4,41,80,91.15047000000004
2,4,41,81,96381.39507
2,4,41,82,152945.4632
2,4,41,83,92191.30583999993
2,4,41,84,15727.346610000008
2,4,41,85,20160.738460000004
2,4,41,86,8853.28135
2,4,41,87,5766.13297
2,4,41,88,813780.7761799999
2,4,42,0,885210.51532
2,4,42,1,19047248.664880004
2,4,42,2,18699658.79438
2,4,42,3,20671837.490870003
2,4,42,4,17832026.592360005
2,4,42,5,732664.28104
2,4,42,6,12176245.18847
2,4,42,7,2539520.9570299997
2,4,42,8,8465622.894489998
2,4,42,9,8235253.56613
2,4,42,10,5513383.07978
2,4,42,11,5962988.979499999
2,4,42,12,6873040.7327499995
2,4,42,13,15204810.20389
2,4,42,14,2683004.4917099997
2,4,42,15,912430.8206800001
2,4,42,16,4602225.768680001
2,4,42,17,3385541.05446
2,4,42,18,180984.95513
2,4,42,19,163725.81574
2,4,42,20,182691.22434
2,4,42,21,135619.27856
2,4,42,22,692410.50751
2,4,42,23,572821.03059
2,4,42,24,642613.94236
2,4,42,25,869913.81912
2,4,42,26,158794.57541000002
2,4,42,27,1182976.3075299999
2,4,42,28,180958.63152
2,4,42,29,502941.28207
2,4,42,30,396396.30985
2,4,42,31,683433.70429
2,4,42,32,3336796.0962699996
2,4,42,33,4518910.37427
2,4,42,34,3131351.2879899996
2,4,42,35,9422895.609219998
2,4,42,36,9416931.0661
2,4,42,37,9272921.200669998
2,4,42,38,9582491.554759998
2,4,42,39,2829645.5392699996
2,4,42,40,4211934.4176
2,4,42,41,4941374.11864
2,4,42,42,4544282.1505700005
2,4,42,43,2707434.2974599996
2,4,42,44,2808794.56431
2,4,42,45,2757551.64438
2,4,42,46,3057668.37059
2,4,42,47,3080137.6727899997
2,4,42,48,122157.06857999999
2,4,42,49,138930.95837
2,4,42,50,115361.97709999999
2,4,42,51,179778.61955000003
2,4,42,52,86765.16096
2,4,42,53,235809.06968000002
2,4,42,54,73079.68506999999
2,4,42,55,176198.63567
2,4,42,56,105538.91617999999
2,4,42,57,236283.55489000003
2,4,42,58,2432936.21069
2,4,42,59,2420703.52874
2,4,42,60,2488733.32279
2,4,42,61,2503804.85722
2,4,42,62,3733277.5935199996
2,4,42,63,4540285.26807
2,4,42,64,4843751.850490001
2,4,42,65,4246892.143060001
2,4,42,66,6235741.2794
2,4,42,67,7484222.218390001
2,4,42,68,12706506.828279998
2,4,42,69,8894143.37911
2,4,42,70,17458226.494200002
2,4,42,71,15109726.06074
2,4,42,72,12550314.485019999
2,4,42,73,12406176.957059998
2,4,42,74,14740420.759529999
2,4,42,75,2501166.01064
2,4,42,76,1321649.7101999999
2,4,42,77,1477860.88429
2,4,42,78,1395576.69289
2,4,42,79,1960839.90203
2,4,42,80,1968508.51869
2,4,42,81,12297875.16558
2,4,42,82,12642426.01375
2,4,42,83,11774259.261669999
2,4,42,84,14703699.73841
2,4,42,85,13321830.719419999
2,4,42,86,14776589.391849998
2,4,42,87,12542028.73548
2,4,42,88,229727.82684
2,4,43,0,1241333.48326
2,4,43,1,17429142.43915
2,4,43,2,17048820.83328
2,4,43,3,18881042.4398
2,4,43,4,16173370.86975
2,4,43,5,982205.20549
2,4,43,6,10931648.2858
2,4,43,7,2289256.40712
2,4,43,8,7515967.68651
2,4,43,9,7360967.107860001
2,4,43,10,4868478.63745
2,4,43,11,5291623.94587
2,4,43,12,6101235.45967
2,4,43,13,13329546.944829999
2,4,43,14,2383635.60457
2,4,43,15,1091284.50466
2,4,43,16,3963293.4379000003
2,4,43,17,2911912.0379199996
2,4,43,18,614765.3998199999
2,4,43,19,596039.65502
2,4,43,20,633278.05381
2,4,43,21,390350.19655000005
2,4,43,22,1543661.8482
2,4,43,23,1198330.9621000001
2,4,43,24,1381778.14827
2,4,43,25,1703926.7100999998
2,4,43,26,353322.20843
2,4,43,27,1969290.34409
2,4,43,28,437600.31588999997
2,4,43,29,961160.91551
2,4,43,30,637393.99962
2,4,43,31,944243.4204599999
2,4,43,32,4287010.389980001
2,4,43,33,5580751.022109999
2,4,43,34,3963106.6040999996
2,4,43,35,13190519.028599998
2,4,43,36,13169800.719169999
2,4,43,37,12966535.691089999
2,4,43,38,13282258.668249998
2,4,43,39,4291016.527600001
2,4,43,40,6390645.21812
2,4,43,41,6665186.538760001
2,4,43,42,6039625.616520001
2,4,43,43,4134505.74327
2,4,43,44,4274282.5656200005
2,4,43,45,4183486.75464
2,4,43,46,4272682.389120001
2,4,43,47,4263344.53715
2,4,43,48,566028.0228599999
2,4,43,49,622412.86832
2,4,43,50,543161.97408
2,4,43,51,764882.3299799999
2,4,43,52,364344.60858
2,4,43,53,846806.9524899999
2,4,43,54,335208.33059
2,4,43,55,728463.82847
2,4,43,56,361595.80744000006
2,4,43,57,864671.5450999999
2,4,43,58,1171125.63622
2,4,43,59,1172236.3843999999
2,4,43,60,1200481.72147
2,4,43,61,1209648.58445
2,4,43,62,1802418.7308999998
2,4,43,63,2259602.67434
2,4,43,64,2653131.05956
2,4,43,65,2300585.6129799997
2,4,43,66,3262713.9656
2,4,43,67,4368452.565510001
2,4,43,68,8275755.9308400005
2,4,43,69,5264938.85479
2,4,43,70,13002793.387179999
2,4,43,71,10249224.02123
2,4,43,72,7787623.83563
2,4,43,73,7691085.35455
2,4,43,74,10310682.241109999
2,4,43,75,1657519.00063
2,4,43,76,836857.00134
2,4,43,77,965975.03836
2,4,43,78,861018.90579
2,4,43,79,918568.21619
2,4,43,80,908974.70953
2,4,43,81,10583328.89994
2,4,43,82,10888962.36399
2,4,43,83,10158580.0054
2,4,43,84,11602533.96545
2,4,43,85,10760521.2065
2,4,43,86,11275307.844669998
2,4,43,87,9675494.154809998
2,4,43,88,135819.72022999998
