f1,f2,p1,p2,energy
1,2,0,0,2184902.0777783887
1,2,0,1,768572.1213087152
1,2,0,2,19220471.1543954387
1,2,0,3,543631.5972130637
1,2,0,4,92265.2351486125
1,2,0,5,1892753.4187423345
1,2,0,6,334706.0030066883
1,2,0,7,3.8646769589
1,2,0,8,14.2644234133
1,2,0,9,2203.3131851914
1,2,0,10,-0.2752786076
1,2,0,11,0.4710125884
1,2,0,12,84.7564651651
1,2,0,13,-0.0717415283
1,2,0,14,218793.8638912450
1,2,0,15,2.9066786981
1,2,0,16,1.3048537101
1,2,0,17,1426.4289618537
1,2,0,18,1844.9561023582
1,2,0,19,348.2788746561
1,2,0,20,2728.5618612462
1,2,0,21,0.8674402068
1,2,0,22,18760.0774251371
1,2,0,23,153123.1971056399
1,2,0,24,3.2750729363
1,2,0,25,0.3190101304
1,2,0,26,395.5959713958
1,2,0,27,11.3943111834
1,2,0,28,1805.6350463655
1,2,0,29,103.7618854937
1,2,0,30,1090.9351707570
1,2,0,31,10239.3602238383
1,2,0,32,32.9196255770
1,2,0,33,3.8803587825
1,2,0,34,4.7137759227
1,2,0,35,13.6761126665
1,2,0,36,420.1300459123
1,2,0,37,136538.0450737035
1,2,0,38,24161.4137588413
1,2,0,39,3794.3699574904
1,2,0,40,1214.0078173057
1,2,0,41,12863.3700468387
1,2,0,42,1.3351244877
1,2,0,43,24857.2387553189
1,2,0,44,-0.5506665648
1,2,0,45,19513.4660805532
1,2,0,46,0.9536107769
1,2,0,47,-0.1418501892
1,2,0,48,28404.4155451235
1,2,0,49,9526.5157030560
1,2,0,50,870.8011449188
1,2,0,51,34.7348337231
1,2,0,52,-0.8820739259
1,2,0,53,74206.8023302268
1,2,0,54,44.5270065331
1,2,0,55,99.4765462958
1,2,0,56,12.3588576255
1,2,0,57,193.9186419403
1,2,0,58,158.0920946093
1,2,0,59,91.9133669317
1,2,1,0,22174766.3486184925
1,2,1,1,377569.9803284578
1,2,1,2,347540.3206768254
1,2,1,3,1284767.2587057245
1,2,1,4,393574.3761719120
1,2,1,5,288616.7533125206
1,2,1,6,854763.4061499628
1,2,1,7,0.5634130319
1,2,1,8,13.7592099588
1,2,1,9,182.5473254243
1,2,1,10,-0.3237203469
1,2,1,11,-0.0938066750
1,2,1,12,25.2426037755
1,2,1,13,0.3467774226
1,2,1,14,4808372.2092246590
1,2,1,15,12.5095080941
1,2,1,16,1.8239801777
1,2,1,17,138.2522804791
1,2,1,18,188758.4058056590
1,2,1,19,30.4890113798
1,2,1,20,25009.4701720038
1,2,1,21,5.8393288510
1,2,1,22,16237.5193221591
1,2,1,23,75613.6114224901
1,2,1,24,0.5286578281
1,2,1,25,4.3534730898
1,2,1,26,26.3007243089
1,2,1,27,-0.1469996186
1,2,1,28,362.4494194523
1,2,1,29,25.6170278957
1,2,1,30,1451.2323330112
1,2,1,31,139214.2220575048
1,2,1,32,0.4526351086
1,2,1,33,10.1953917606
1,2,1,34,-0.7042963929
1,2,1,35,1.6798665771
1,2,1,36,459.0545521961
1,2,1,37,65209.3636699395
1,2,1,38,17634.5314425442
1,2,1,39,642897.4796420477
1,2,1,40,320.1728217907
1,2,1,41,5918.4088088875
1,2,1,42,-0.8415063256
1,2,1,43,92025.8085803048
1,2,1,44,11.6996048240
1,2,1,45,523.8214912803
1,2,1,46,0.8758383542
1,2,1,47,-0.1540013032
1,2,1,48,16251.6781404198
1,2,1,49,23393.3206418577
1,2,1,50,2458.6928880951
1,2,1,51,5.7189246584
1,2,1,52,-1.9506740566
1,2,1,53,148466.8940865270
1,2,1,54,14.3352756774
1,2,1,55,24.1033878211
1,2,1,56,3.4270695823
1,2,1,57,204.9711877756
1,2,1,58,166.1252170900
1,2,1,59,20.0626986436
1,2,2,0,3784947.2014800915
1,2,2,1,5312484.7915135091
1,2,2,2,5947595.9362038774
1,2,2,3,2131240.8389361133
1,2,2,4,1196230.6387134080
1,2,2,5,4287562.2592489654
1,2,2,6,1123237.3527210068
1,2,2,7,0.5704558499
1,2,2,8,-5.2697693726
1,2,2,9,428.0888208018
1,2,2,10,-0.3179345779
1,2,2,11,-0.2019803736
1,2,2,12,3.1375657230
1,2,2,13,-0.5125942091
1,2,2,14,319203.5277188612
1,2,2,15,-6.1857701542
1,2,2,16,-1.6887611331
1,2,2,17,264.4297758214
1,2,2,18,1651.5485430472
1,2,2,19,58.7576371056
1,2,2,20,2515.1601235684
1,2,2,21,-3.7660067597
1,2,2,22,170184.8205525276
1,2,2,23,97303.0139198012
1,2,2,24,1.7465024998
1,2,2,25,-3.4285831922
1,2,2,26,50.6325280325
1,2,2,27,-0.1199414342
1,2,2,28,318.8687545664
1,2,2,29,5.0470671246
1,2,2,30,458.5112108245
1,2,2,31,91479.9456733082
1,2,2,32,2.3338896979
1,2,2,33,-5.6230709013
1,2,2,34,-0.8118380377
1,2,2,35,-0.3428364573
1,2,2,36,158.2702116405
1,2,2,37,69255.6008029979
1,2,2,38,99453.0373272691
1,2,2,39,16110.1979380573
1,2,2,40,268.9168900201
1,2,2,41,3686.4014869171
1,2,2,42,-0.8609794271
1,2,2,43,52854.3210707846
1,2,2,44,-5.8852782650
1,2,2,45,636.8003828723
1,2,2,46,-1.4097095588
1,2,2,47,-0.0108956382
1,2,2,48,93836.4852938447
1,2,2,49,119108.3773626729
1,2,2,50,711.9661483842
1,2,2,51,6.1947104333
1,2,2,52,-0.0641188145
1,2,2,53,49115.4424888600
1,2,2,54,2.7265829055
1,2,2,55,22.7756535924
1,2,2,56,-1.4304929899
1,2,2,57,83.7665827512
1,2,2,58,61.8051066937
1,2,2,59,14.4512618759
1,2,3,0,242130.2504436141
1,2,3,1,290063.4997547718
1,2,3,2,281868.3841677713
1,2,3,3,7280648.0224233782
1,2,3,4,567545.8893106813
1,2,3,5,4724270.3221389176
1,2,3,6,3587582.3761805878
1,2,3,7,2.4760268226
1,2,3,8,71.3370394217
1,2,3,9,4496.9200378353
1,2,3,10,-0.4613852415
1,2,3,11,0.0095089201
1,2,3,12,383.7914306236
1,2,3,13,-0.6656054118
1,2,3,14,11367179.4403613936
1,2,3,15,39.1820017239
1,2,3,16,0.4060130541
1,2,3,17,5400.2029576724
1,2,3,18,19847.0901317596
1,2,3,19,1333.5135170967
1,2,3,20,77648.7863448715
1,2,3,21,-0.5881610890
1,2,3,22,96548.2036257694
1,2,3,23,1154213.8845523258
1,2,3,24,3.2747957638
1,2,3,25,-1.9136556209
1,2,3,26,1868.6421509188
1,2,3,27,49.3399722737
1,2,3,28,5802.1739281409
1,2,3,29,346.9861819942
1,2,3,30,38639.5568492337
1,2,3,31,1462824.7432306551
1,2,3,32,115.8612215782
1,2,3,33,26.9750671672
1,2,3,34,22.5125303660
1,2,3,35,59.8777579252
1,2,3,36,11919.7744099469
1,2,3,37,3189357.1880749403
1,2,3,38,29721.8340901373
1,2,3,39,24547.1339688738
1,2,3,40,4597.1084739673
1,2,3,41,533717.8797618413
1,2,3,42,12.8450498768
1,2,3,43,48376.5838943558
1,2,3,44,13.1218032462
1,2,3,45,117225.0305104375
1,2,3,46,23.6107260529
1,2,3,47,-0.1245790198
1,2,3,48,177034.1719035488
1,2,3,49,41971.0590476910
1,2,3,50,85000.8768023160
1,2,3,51,132.5441923621
1,2,3,52,111.0926656374
1,2,3,53,54224.5224092806
1,2,3,54,98.1898987313
1,2,3,55,228.4636148246
1,2,3,56,38.2976458299
1,2,3,57,6154.6633764575
1,2,3,58,4935.0406012025
1,2,3,59,445.8314158831
1,2,4,0,709645.1218358065
1,2,4,1,394893.1926500137
1,2,4,2,12118895.7038049847
1,2,4,3,599122.8381579585
1,2,4,4,766039.0970348237
1,2,4,5,832229.7700986452
1,2,4,6,2693845.3252473595
1,2,4,7,39.9281193867
1,2,4,8,2013.8932444343
1,2,4,9,170161.6553128018
1,2,4,10,-0.4110196209
1,2,4,11,1.6443348968
1,2,4,12,286256.5384312861
1,2,4,13,0.7913125043
1,2,4,14,5639162.4092585072
1,2,4,15,1302.8550437890
1,2,4,16,36.6147718244
1,2,4,17,37288.3695546473
1,2,4,18,132934.1212619584
1,2,4,19,29343.1204762965
1,2,4,20,138501.1870490744
1,2,4,21,42.0666814055
1,2,4,22,317600.9999477856
1,2,4,23,629407.2064365869
1,2,4,24,38.6089291694
1,2,4,25,35.5912791915
1,2,4,26,47548.4093185133
1,2,4,27,2514.8230843857
1,2,4,28,11752.6524731164
1,2,4,29,11036.1011551660
1,2,4,30,1177324.4104800955
1,2,4,31,22278.4022716258
1,2,4,32,6510.4064304860
1,2,4,33,1155.8732433457
1,2,4,34,833.4835214474
1,2,4,35,1612.6792592189
1,2,4,36,86760.5052211351
1,2,4,37,3700414.2786033908
1,2,4,38,26292.2419298252
1,2,4,39,94805.5576830154
1,2,4,40,11698.8522845627
1,2,4,41,91580.1850444257
1,2,4,42,246.4268777565
1,2,4,43,795975.7141417589
1,2,4,44,164.6306776020
1,2,4,45,9918.6871469859
1,2,4,46,438.2553128435
1,2,4,47,-0.9592530748
1,2,4,48,49251.8896669482
1,2,4,49,50272.5845445811
1,2,4,50,144529.9606967433
1,2,4,51,3349.1302495802
1,2,4,52,137.7590588081
1,2,4,53,97983.5707701523
1,2,4,54,540.8450702810
1,2,4,55,4141.3861917270
1,2,4,56,622.6840978017
1,2,4,57,70980.3446527336
1,2,4,58,40535.4166955669
1,2,4,59,13580.4747415406
1,2,5,0,364875.3680350560
1,2,5,1,689544.6148397594
1,2,5,2,1153455.2369353757
1,2,5,3,488272.8458980884
1,2,5,4,113923.9742542585
1,2,5,5,381694.8135104170
1,2,5,6,342142.6400197874
1,2,5,7,3.2629509425
1,2,5,8,1.0582403889
1,2,5,9,-1.3543623338
1,2,5,10,-0.1698989431
1,2,5,11,0.3726102259
1,2,5,12,1.2558497764
1,2,5,13,-0.1811018153
1,2,5,14,81805.0156979128
1,2,5,15,0.9335040377
1,2,5,16,0.9269579822
1,2,5,17,-1.4821662362
1,2,5,18,-1.5839090580
1,2,5,19,-1.2835171039
1,2,5,20,1.4669005199
1,2,5,21,0.3828694124
1,2,5,22,46.7826162287
1,2,5,23,220033.2894798934
1,2,5,24,2.8548938491
1,2,5,25,0.0699473608
1,2,5,26,-1.2092645562
1,2,5,27,-0.6481280716
1,2,5,28,1.7319951012
1,2,5,29,1.5337441040
1,2,5,30,12.9984942182
1,2,5,31,103.6011757139
1,2,5,32,-0.7108157709
1,2,5,33,0.4106120050
1,2,5,34,-0.4926647403
1,2,5,35,-0.1650427451
1,2,5,36,6.9072725805
1,2,5,37,116247.5821629822
1,2,5,38,70.7761665361
1,2,5,39,3.0276163420
1,2,5,40,2.3368396283
1,2,5,41,12.2490344992
1,2,5,42,-0.5310281790
1,2,5,43,67.7045575406
1,2,5,44,0.2988263499
1,2,5,45,2.1601887616
1,2,5,46,-0.1969679748
1,2,5,47,0.0177295155
1,2,5,48,71.6567004487
1,2,5,49,28.5382188385
1,2,5,50,47.3321937392
1,2,5,51,-0.9413562947
1,2,5,52,-0.1692773140
1,2,5,53,733.8465030634
1,2,5,54,-0.4212883432
1,2,5,55,-0.8061593798
1,2,5,56,-0.1546916245
1,2,5,57,5.1692993038
1,2,5,58,3.6826858520
1,2,5,59,-1.1924664584
1,2,6,0,1021480.6867095078
1,2,6,1,4052991.9431045204
1,2,6,2,6122968.8772035958
1,2,6,3,301616.6968511564
1,2,6,4,1307643.8838136529
1,2,6,5,809913.4854428692
1,2,6,6,4971628.8461199999
1,2,6,7,-0.1709918098
1,2,6,8,-6.7715347156
1,2,6,9,18.1663302151
1,2,6,10,-0.2292206681
1,2,6,11,-0.0680771034
1,2,6,12,-8.1535892761
1,2,6,13,-0.3795096991
1,2,6,14,213768.6527552056
1,2,6,15,-6.2102163434
1,2,6,16,-1.9769503505
1,2,6,17,12.0521224055
1,2,6,18,266.5433124088
1,2,6,19,0.0754687940
1,2,6,20,389.4778910439
1,2,6,21,-3.7208219561
1,2,6,22,64834.4468477325
1,2,6,23,10813.6004309678
1,2,6,24,0.4772598151
1,2,6,25,-3.0943306148
1,2,6,26,-0.3990454239
1,2,6,27,-0.6094073995
1,2,6,28,3.2979491760
1,2,6,29,-8.1530106636
1,2,6,30,1.2626928565
1,2,6,31,577.5581136257
1,2,6,32,-0.9277078918
1,2,6,33,-5.4291510009
1,2,6,34,-0.5790082680
1,2,6,35,-1.5269589546
1,2,6,36,-3.4184918402
1,2,6,37,6001.0887608981
1,2,6,38,399.9966556077
1,2,6,39,2199.2119918657
1,2,6,40,2.6506592763
1,2,6,41,532.1396995611
1,2,6,42,-0.3626775523
1,2,6,43,332.6491738723
1,2,6,44,-5.3795740760
1,2,6,45,1.2979954351
1,2,6,46,-1.0127567511
1,2,6,47,0.0061179921
1,2,6,48,56314.3362736350
1,2,6,49,22689.7725366458
1,2,6,50,26.2045293072
1,2,6,51,-1.1509128177
1,2,6,52,0.1447204598
1,2,6,53,1583.7909556835
1,2,6,54,-4.8870993612
1,2,6,55,-3.0777074988
1,2,6,56,-2.2530136015
1,2,6,57,2.1355169122
1,2,6,58,-2.2553667503
1,2,6,59,-0.6725463172
1,2,7,0,13572.4987706854
1,2,7,1,8751.5843589958
1,2,7,2,115.8185739619
1,2,7,3,277.5077581496
1,2,7,4,71267.3110377733
1,2,7,5,238555.1790323832
1,2,7,6,44835.9500683342
1,2,7,7,1.7833738235
1,2,7,8,2718314.8605920975
1,2,7,9,16606148.1958731245
1,2,7,10,-0.0714360790
1,2,7,11,-0.1692675055
1,2,7,12,163338.2019473901
1,2,7,13,0.6528865463
1,2,7,14,77397.7339464034
1,2,7,15,274339.4927089547
1,2,7,16,4.9713128025
1,2,7,17,1560637.2144976202
1,2,7,18,623199.1478874621
1,2,7,19,3107832.7485911525
1,2,7,20,2620272.0845131367
1,2,7,21,94.3907784260
1,2,7,22,215801.9813988357
1,2,7,23,123515.6039450121
1,2,7,24,1.3402066448
1,2,7,25,602.1484899297
1,2,7,26,5464588.9689233564
1,2,7,27,443530.0971674998
1,2,7,28,402826.6229265297
1,2,7,29,201432.2280961073
1,2,7,30,206098.6816824939
1,2,7,31,102457.3143107877
1,2,7,32,417774.5976076479
1,2,7,33,199909.5200723197
1,2,7,34,2476174.2965584840
1,2,7,35,855605.8787553767
1,2,7,36,87046.1291455794
1,2,7,37,457348.2352655941
1,2,7,38,136872.1159124766
1,2,7,39,1111598.8060917768
1,2,7,40,153509.9871419768
1,2,7,41,127281.3889061239
1,2,7,42,1235379.8462530107
1,2,7,43,61085.4093530076
1,2,7,44,1812877.4779488863
1,2,7,45,1304087.4333253093
1,2,7,46,1170041.6121605299
1,2,7,47,573.3520373626
1,2,7,48,518889.8542059889
1,2,7,49,412253.4475894100
1,2,7,50,265859.2657880072
1,2,7,51,528270.7857172852
1,2,7,52,12599880.5849852338
1,2,7,53,87171.6690165887
1,2,7,54,386246.5674726831
1,2,7,55,155660.9735660483
1,2,7,56,34768.8086596252
1,2,7,57,572196.9347583547
1,2,7,58,56119.8757327875
1,2,7,59,230771.4607782727
1,2,8,0,6000.4957440666
1,2,8,1,7778.3288344876
1,2,8,2,246.0304086175
1,2,8,3,527.9124252366
1,2,8,4,223240.0290549853
1,2,8,5,331432.2384353519
1,2,8,6,30839.5704374667
1,2,8,7,-1.4584560328
1,2,8,8,10599451.8582883980
1,2,8,9,737182.7112250411
1,2,8,10,-0.2085275989
1,2,8,11,-0.3413702370
1,2,8,12,830517.9718339649
1,2,8,13,2.8927899052
1,2,8,14,190306.8155984286
1,2,8,15,2993870.1999326167
1,2,8,16,2.0637333341
1,2,8,17,554143.6773404643
1,2,8,18,2019732.9640246155
1,2,8,19,678659.1091733532
1,2,8,20,937520.5554457774
1,2,8,21,219.7905549101
1,2,8,22,378743.0808396858
1,2,8,23,65464.5686975413
1,2,8,24,-1.3525688992
1,2,8,25,876.9851456092
1,2,8,26,412378.8885101030
1,2,8,27,16608904.5897825044
1,2,8,28,126769.7864468297
1,2,8,29,481991.0528974020
1,2,8,30,2490196.0142083773
1,2,8,31,753836.6398964463
1,2,8,32,673950.2322629655
1,2,8,33,2790802.6731481045
1,2,8,34,4822486.3802339658
1,2,8,35,3147681.9544808357
1,2,8,36,1321516.1737580919
1,2,8,37,167240.0382127332
1,2,8,38,5822456.0686490210
1,2,8,39,1512704.9517814515
1,2,8,40,70919.8430546740
1,2,8,41,390163.9545841507
1,2,8,42,145458.8331285480
1,2,8,43,6673682.6852436811
1,2,8,44,1503357.1833521626
1,2,8,45,82950.2187811653
1,2,8,46,116434.9008024420
1,2,8,47,342.8612334944
1,2,8,48,3553928.5306677199
1,2,8,49,1576670.6900274302
1,2,8,50,334420.6332217884
1,2,8,51,1909629.9713072428
1,2,8,52,230405.0867659401
1,2,8,53,145239.5665752679
1,2,8,54,2417045.1706716861
1,2,8,55,344975.7567930553
1,2,8,56,6539194.7449175240
1,2,8,57,5821661.1239579050
1,2,8,58,630354.8505803163
1,2,8,59,279166.5077985119
1,2,9,0,811094.0412482966
1,2,9,1,1687225.5718815557
1,2,9,2,12060605.5405060593
1,2,9,3,5520810.2887582602
1,2,9,4,774663.0385305826
1,2,9,5,20498289.1583326869
1,2,9,6,2311541.8482615566
1,2,9,7,-3.0438980662
1,2,9,8,6.0583941889
1,2,9,9,173.9391094313
1,2,9,10,-0.2375707198
1,2,9,11,-0.4324690203
1,2,9,12,22.5750913365
1,2,9,13,-0.1241636762
1,2,9,14,1804312.8143026612
1,2,9,15,3.2547093007
1,2,9,16,-0.3522496608
1,2,9,17,139.9072635881
1,2,9,18,835.5646378430
1,2,9,19,39.8522213283
1,2,9,20,736.9777451632
1,2,9,21,1.1172176888
1,2,9,22,16928.9296985715
1,2,9,23,42859.4476440779
1,2,9,24,-3.2592931433
1,2,9,25,0.2986801726
1,2,9,26,37.4379746013
1,2,9,27,0.8411737715
1,2,9,28,443.2326659408
1,2,9,29,17.4872322490
1,2,9,30,1666.7361518981
1,2,9,31,22180.8177117049
1,2,9,32,0.9772684950
1,2,9,33,1.8138354994
1,2,9,34,-0.7354444518
1,2,9,35,3.3176509026
1,2,9,36,1134.9663090324
1,2,9,37,54678.9770468851
1,2,9,38,18613.7777596881
1,2,9,39,6871.2329032074
1,2,9,40,592.5800800120
1,2,9,41,3779.5689980030
1,2,9,42,-0.8374354142
1,2,9,43,135303.1545635447
1,2,9,44,1.0842972394
1,2,9,45,531.2183973085
1,2,9,46,1.3998871251
1,2,9,47,-0.1805647937
1,2,9,48,25662.1647606455
1,2,9,49,35361.1791884328
1,2,9,50,8271.7986065908
1,2,9,51,13.7637776296
1,2,9,52,13.4216725087
1,2,9,53,39880.9689253551
1,2,9,54,7.7028764006
1,2,9,55,26.9401466664
1,2,9,56,3.4665858123
1,2,9,57,2409.2818349763
1,2,9,58,1306.6797197898
1,2,9,59,56.4781058874
1,2,10,0,18.2421149173
1,2,10,1,9.6705962355
1,2,10,2,39.4078910154
1,2,10,3,116.0742741931
1,2,10,4,47736.0797967823
1,2,10,5,22918.7285335717
1,2,10,6,67526.2883689232
1,2,10,7,-0.3774321779
1,2,10,8,544553.0593304511
1,2,10,9,719104.4589247892
1,2,10,10,-0.1593496337
1,2,10,11,0.0937627222
1,2,10,12,889882.1703300419
1,2,10,13,10.9899099141
1,2,10,14,43359.2933434407
1,2,10,15,382286.0088546554
1,2,10,16,-5.6781183144
1,2,10,17,19471831.2476567775
1,2,10,18,529400.4994188518
1,2,10,19,169117.7818214870
1,2,10,20,714933.3686760170
1,2,10,21,988.7985619606
1,2,10,22,17992369.1513719149
1,2,10,23,214716.9868456736
1,2,10,24,-0.1424436549
1,2,10,25,4815.8586748736
1,2,10,26,1259092.2279669065
1,2,10,27,300492.1984746291
1,2,10,28,605664.8255172303
1,2,10,29,5522266.4464198975
1,2,10,30,265316.3490100662
1,2,10,31,9178.7602863322
1,2,10,32,2012228.2046050767
1,2,10,33,344841.1125901929
1,2,10,34,9020315.4223776683
1,2,10,35,1165471.6906791914
1,2,10,36,168327.6668038064
1,2,10,37,196613.5489353731
1,2,10,38,19531.9855987659
1,2,10,39,4637150.8973278413
1,2,10,40,122014.6622152222
1,2,10,41,46230.3812643783
1,2,10,42,119965.7596299322
1,2,10,43,115689.0765775041
1,2,10,44,2654964.0640697065
1,2,10,45,110487.3495460647
1,2,10,46,527418.8061873525
1,2,10,47,25943.3308125998
1,2,10,48,186276.8118056034
1,2,10,49,90504.9447170266
1,2,10,50,158894.6506635240
1,2,10,51,1183945.5871151199
1,2,10,52,240464.8425998449
1,2,10,53,4737985.9696645029
1,2,10,54,455580.0184052092
1,2,10,55,2300716.8652330968
1,2,10,56,74720.1497229102
1,2,10,57,409330.4730394748
1,2,10,58,35650.8369799299
1,2,10,59,292176.9568973349
1,2,11,0,47.4213106931
1,2,11,1,34.3818890461
1,2,11,2,27.5340156242
1,2,11,3,84.2542401127
1,2,11,4,771231.1613928465
1,2,11,5,66448.7025928388
1,2,11,6,14474.6321310881
1,2,11,7,1.7363478015
1,2,11,8,471941.4386008742
1,2,11,9,206503.1872640564
1,2,11,10,-0.2271224961
1,2,11,11,0.2263745269
1,2,11,12,986516.9235076808
1,2,11,13,599.7535561890
1,2,11,14,1240294.2199819137
1,2,11,15,3479281.4484010702
1,2,11,16,11.0980833855
1,2,11,17,181666.5044980388
1,2,11,18,388591.1892532097
1,2,11,19,5743374.9174173810
1,2,11,20,264107.2335663843
1,2,11,21,143827.5484596241
1,2,11,22,364750.7225865953
1,2,11,23,257212.9717084272
1,2,11,24,1.7449538616
1,2,11,25,123803.5722205948
1,2,11,26,1464583.6313298387
1,2,11,27,687684.6635065090
1,2,11,28,80005.8467473197
1,2,11,29,2033333.2343313827
1,2,11,30,204027.8079146149
1,2,11,31,280931.2589302440
1,2,11,32,2461671.4389754385
1,2,11,33,1775159.0009730917
1,2,11,34,1089462.5700873125
1,2,11,35,27046986.0149269961
1,2,11,36,1574042.9910602663
1,2,11,37,89060.2643294555
1,2,11,38,204810.3995964743
1,2,11,39,4626497.9901043391
1,2,11,40,69082.3082660295
1,2,11,41,116255.7034372806
1,2,11,42,148152.5807826893
1,2,11,43,320017.7296013919
1,2,11,44,2818030.7263809289
1,2,11,45,486463.9990999885
1,2,11,46,9293613.2587124929
1,2,11,47,1461.3016651056
1,2,11,48,277326.6869804152
1,2,11,49,1827076.9793562228
1,2,11,50,89113.4194597812
1,2,11,51,1087542.3371858583
1,2,11,52,349671.9902981844
1,2,11,53,318110.8215372879
1,2,11,54,759441.6153934067
1,2,11,55,336475.6078284190
1,2,11,56,364146.2528739524
1,2,11,57,3170908.8721562559
1,2,11,58,295923.4586434955
1,2,11,59,215858.0148497795
1,2,12,0,3475.6662216812
1,2,12,1,6400.6549467411
1,2,12,2,300.1028026768
1,2,12,3,640.3529381230
1,2,12,4,36350.0673851579
1,2,12,5,97245.6086401536
1,2,12,6,43714.3303236396
1,2,12,7,-1.4243819685
1,2,12,8,647578.6364185956
1,2,12,9,11952083.4728055745
1,2,12,10,-0.4412927949
1,2,12,11,-0.1571968043
1,2,12,12,681703.7731012863
1,2,12,13,-0.9859707831
1,2,12,14,135937.5102551152
1,2,12,15,154800.5353146383
1,2,12,16,-5.3612375751
1,2,12,17,2693664.1872471436
1,2,12,18,3355103.2952732905
1,2,12,19,1079190.7756257793
1,2,12,20,227857.0001740083
1,2,12,21,131.8969016468
1,2,12,22,301698.0301028688
1,2,12,23,117385.0198244683
1,2,12,24,-0.6700328361
1,2,12,25,2195.1213943955
1,2,12,26,14148626.5873409957
1,2,12,27,135550.9342973405
1,2,12,28,54919.1384807472
1,2,12,29,496582.1085954665
1,2,12,30,37511.9152744601
1,2,12,31,946255.0737569177
1,2,12,32,4492821.1877912721
1,2,12,33,123938.0282760558
1,2,12,34,625300.5397603582
1,2,12,35,451314.7549704077
1,2,12,36,3564228.6628521923
1,2,12,37,120392.4562600850
1,2,12,38,1962145.3223189006
1,2,12,39,651836.1514585126
1,2,12,40,74942.6678400586
1,2,12,41,307012.5811857207
1,2,12,42,273150.2570253110
1,2,12,43,1723536.0276608844
1,2,12,44,37497.0881930679
1,2,12,45,78134.0014052633
1,2,12,46,491683.2098677811
1,2,12,47,325.9002307586
1,2,12,48,566510.9199447249
1,2,12,49,1758524.7251894195
1,2,12,50,50315.4534069679
1,2,12,51,320142.2948431799
1,2,12,52,39726.4461083099
1,2,12,53,67355.5650993643
1,2,12,54,174236.9103193893
1,2,12,55,130731.0469162322
1,2,12,56,364568.4553541054
1,2,12,57,84548.6472372207
1,2,12,58,320519.4757290145
1,2,12,59,1456030.0979685052
1,2,13,0,-1.9074520295
1,2,13,1,-0.2412105390
1,2,13,2,-0.1930390902
1,2,13,3,-2.5309270519
1,2,13,4,-0.3545050909
1,2,13,5,-0.5280466857
1,2,13,6,-0.7322868301
1,2,13,7,0.7465399679
1,2,13,8,118.8273874651
1,2,13,9,365.4627729791
1,2,13,10,-0.8706417983
1,2,13,11,1.2708209990
1,2,13,12,985.2443394495
1,2,13,13,1917007.8169458609
1,2,13,14,-2.2851523992
1,2,13,15,7.7982463919
1,2,13,16,1746381.7343663306
1,2,13,17,185.0874623647
1,2,13,18,-3.1799008305
1,2,13,19,576.0922905803
1,2,13,20,-2.2430867660
1,2,13,21,217953.6826763893
1,2,13,22,-0.7888951008
1,2,13,23,-0.8277689000
1,2,13,24,0.2325543840
1,2,13,25,236900.6341338377
1,2,13,26,231.6903771081
1,2,13,27,0.4446138673
1,2,13,28,33.3110041805
1,2,13,29,10375.5629939585
1,2,13,30,-3.2640079730
1,2,13,31,-0.3022792688
1,2,13,32,4.2410754896
1,2,13,33,749.7888326316
1,2,13,34,0.7774980200
1,2,13,35,91.8852829349
1,2,13,36,-3.0457867487
1,2,13,37,-3.0009990363
1,2,13,38,-0.3742331243
1,2,13,39,-0.3396518558
1,2,13,40,192.5491011301
1,2,13,41,-0.4710758571
1,2,13,42,7.9026051941
1,2,13,43,-0.5289692002
1,2,13,44,18626.8894023504
1,2,13,45,2277.3734496992
1,2,13,46,43061.1358929359
1,2,13,47,-0.2127222655
1,2,13,48,29.6817572865
1,2,13,49,34.2593412263
1,2,13,50,-1.1317854477
1,2,13,51,1900.7010477460
1,2,13,52,-0.4536029709
1,2,13,53,-2.5191887532
1,2,13,54,3911.9200640100
1,2,13,55,-2.0561028478
1,2,13,56,-2.1738658286
1,2,13,57,-0.9632096087
1,2,13,58,-1.5311081071
1,2,13,59,0.2908529149
1,2,14,0,106420.3162925225
1,2,14,1,132656.5440834755
1,2,14,2,118703.2893447149
1,2,14,3,152193.1412980857
1,2,14,4,694505.6053681250
1,2,14,5,2013671.0979569301
1,2,14,6,685835.3206141435
1,2,14,7,-2.3415866027
1,2,14,8,46849.8965719372
1,2,14,9,160769.4128911683
1,2,14,10,-0.4902866369
1,2,14,11,-0.4615287717
1,2,14,12,25464.6043244532
1,2,14,13,-0.7445384194
1,2,14,14,2563730.6843668553
1,2,14,15,721625.1747745540
1,2,14,16,-2.4690363482
1,2,14,17,108297.1869143939
1,2,14,18,49294.4843942401
1,2,14,19,51543.6728481485
1,2,14,20,56178.1565634409
1,2,14,21,-5.8888768862
1,2,14,22,96231.1559474497
1,2,14,23,933958.7605718951
1,2,14,24,-1.2051235139
1,2,14,25,-3.0035523025
1,2,14,26,42135.7022408269
1,2,14,27,5300680.2208609674
1,2,14,28,13167.0820028450
1,2,14,29,819544.0378841391
1,2,14,30,129536.3954799926
1,2,14,31,2958617.2251380002
1,2,14,32,49099.3981960378
1,2,14,33,3502486.4950690675
1,2,14,34,33506.5641142827
1,2,14,35,55883.6682018515
1,2,14,36,39269.4575914114
1,2,14,37,3998671.4793080841
1,2,14,38,115409.2709282089
1,2,14,39,106361.3081323854
1,2,14,40,31623.4027356800
1,2,14,41,302586.6139666754
1,2,14,42,4376.1857012373
1,2,14,43,143443.9035783898
1,2,14,44,919.6011770577
1,2,14,45,26783.7791726544
1,2,14,46,24204.5845981619
1,2,14,47,-1.0838557202
1,2,14,48,50295.8641158002
1,2,14,49,60747.7019611558
1,2,14,50,281828.5677615353
1,2,14,51,36894.5181568504
1,2,14,52,1342.6953062671
1,2,14,53,118680.8535017620
1,2,14,54,7161.9754040596
1,2,14,55,20432.9639368228
1,2,14,56,1465.1292106599
1,2,14,57,34966.2829233863
1,2,14,58,109650.0774938215
1,2,14,59,16003.6323098612
1,2,15,0,3272295.4745525392
1,2,15,1,1611309.2124015824
1,2,15,2,6319384.7596073207
1,2,15,3,1618457.6094121658
1,2,15,4,184108.4867310785
1,2,15,5,1038365.3518846001
1,2,15,6,998370.1654477962
1,2,15,7,32.2490974158
1,2,15,8,48.9491101467
1,2,15,9,1321.5451812441
1,2,15,10,-0.3547840118
1,2,15,11,0.5950105217
1,2,15,12,72.1348311749
1,2,15,13,0.7778785854
1,2,15,14,261122.6834532569
1,2,15,15,43.9764493165
1,2,15,16,31.9248905139
1,2,15,17,591.6915767779
1,2,15,18,7323.7583396888
1,2,15,19,129.4919383808
1,2,15,20,13197.6590672745
1,2,15,21,36.8492759569
1,2,15,22,77435.1506899165
1,2,15,23,547216.7987982850
1,2,15,24,32.6608210051
1,2,15,25,32.3988610022
1,2,15,26,116.1321241836
1,2,15,27,1.8096369711
1,2,15,28,540.8081802308
1,2,15,29,79.9449482489
1,2,15,30,669.8653956682
1,2,15,31,99434.3667479717
1,2,15,32,9.1776667614
1,2,15,33,41.1336015010
1,2,15,34,0.2675008851
1,2,15,35,5.0233301057
1,2,15,36,279.5081032200
1,2,15,37,166329.4328048355
1,2,15,38,210571.2902037032
1,2,15,39,94251.0281586983
1,2,15,40,460.3877407293
1,2,15,41,16158.5026453190
1,2,15,42,-0.7149100093
1,2,15,43,38282.4553889214
1,2,15,44,41.1142578565
1,2,15,45,1585.3307554823
1,2,15,46,0.5483877408
1,2,15,47,-0.6461989770
1,2,15,48,45922.5278389038
1,2,15,49,113413.6620624599
1,2,15,50,1138.2770635676
1,2,15,51,17.5662362307
1,2,15,52,-2.2652001927
1,2,15,53,77123.8624933191
1,2,15,54,58.1803288396
1,2,15,55,95.2381358958
1,2,15,56,31.4050888236
1,2,15,57,125.0763620698
1,2,15,58,127.7066362721
1,2,15,59,32.9798993757
1,2,16,0,195953.8289685968
1,2,16,1,123657.8776826647
1,2,16,2,224.1973001133
1,2,16,3,525.4427321269
1,2,16,4,45780.2619824090
1,2,16,5,560822.6385126426
1,2,16,6,435010.8589554809
1,2,16,7,-3.3563501120
1,2,16,8,260405.4367995873
1,2,16,9,679440.6260907491
1,2,16,10,-0.3666180868
1,2,16,11,-0.3456401151
1,2,16,12,290240.0374431458
1,2,16,13,358.6685116354
1,2,16,14,80793.0071722485
1,2,16,15,9323139.0846718904
1,2,16,16,9.8803930447
1,2,16,17,356509.4925313480
1,2,16,18,457423.7526515054
1,2,16,19,35973304.2521981448
1,2,16,20,1570945.3660148778
1,2,16,21,67273.9364586603
1,2,16,22,622614.1991247524
1,2,16,23,57240.3303249283
1,2,16,24,-2.5272325585
1,2,16,25,40665.4825838888
1,2,16,26,422986.4234533439
1,2,16,27,13093503.2417633589
1,2,16,28,132573.2052644455
1,2,16,29,251657.8030254957
1,2,16,30,30038.6143107922
1,2,16,31,1010519.6570321493
1,2,16,32,211363.2394891714
1,2,16,33,372573.1198001825
1,2,16,34,127863.2198576288
1,2,16,35,338896.2339001733
1,2,16,36,48533.4253067246
1,2,16,37,82171.9400356840
1,2,16,38,157315.5558845258
1,2,16,39,407046.9517367351
1,2,16,40,966655.6219187623
1,2,16,41,450329.5284895478
1,2,16,42,235488.4532250174
1,2,16,43,63096.5832272373
1,2,16,44,1518086.6985915643
1,2,16,45,524490.2266204121
1,2,16,46,978202.0518690982
1,2,16,47,238.5961762619
1,2,16,48,193373.4618380743
1,2,16,49,167728.1652641371
1,2,16,50,11605062.7691449448
1,2,16,51,24731072.4750579484
1,2,16,52,70735.2640436447
1,2,16,53,64650.1994294363
1,2,16,54,4525174.1598756230
1,2,16,55,145055.2894550098
1,2,16,56,48682.9720947202
1,2,16,57,141778.4998820373
1,2,16,58,243558.2513391984
1,2,16,59,922451.1871103024
1,2,17,0,-3.4062374975
1,2,17,1,-0.5073827960
1,2,17,2,-0.7338090033
1,2,17,3,-3.3921884135
1,2,17,4,-1.3791044201
1,2,17,5,-1.5387631040
1,2,17,6,-1.3070975348
1,2,17,7,-2.2283772224
1,2,17,8,79276.8820801495
1,2,17,9,17522.5833613040
1,2,17,10,-0.2411472337
1,2,17,11,-0.0432317349
1,2,17,12,68704.7191590778
1,2,17,13,56751.5364306379
1,2,17,14,-0.9218767240
1,2,17,15,47253.2023478624
1,2,17,16,51104.8237481621
1,2,17,17,15431.4193027958
1,2,17,18,74.8575755463
1,2,17,19,223303.0424686470
1,2,17,20,52.7690689736
1,2,17,21,494009.8388513568
1,2,17,22,358.4519174727
1,2,17,23,22.9344952799
1,2,17,24,-1.7350370041
1,2,17,25,1012101.5171314186
1,2,17,26,17863.5557933506
1,2,17,27,4163.9373122004
1,2,17,28,35099.3158684182
1,2,17,29,182120.7705196154
1,2,17,30,3335.9759156197
1,2,17,31,-0.8996328833
1,2,17,32,294854.9613623581
1,2,17,33,502469.5464293919
1,2,17,34,4518.7166904077
1,2,17,35,53389.2257047657
1,2,17,36,1203.0376086696
1,2,17,37,56.3223726830
1,2,17,38,-0.6534084590
1,2,17,39,2244.1305917600
1,2,17,40,47447.5799502956
1,2,17,41,922.4942466180
1,2,17,42,123797.6689110697
1,2,17,43,34.3474867312
1,2,17,44,1666081.0622737498
1,2,17,45,55483.7393296576
1,2,17,46,257451.1192576425
1,2,17,47,20565.1886607655
1,2,17,48,24733.9450016366
1,2,17,49,46945.4660996227
1,2,17,50,647.4125761824
1,2,17,51,75220.2865948945
1,2,17,52,2239.9307877557
1,2,17,53,470.8569475770
1,2,17,54,119929.1516924032
1,2,17,55,31571.5503424382
1,2,17,56,694.0069112212
1,2,17,57,1270.4323913274
1,2,17,58,3641.1395066430
1,2,17,59,5137.3630984288
1,2,18,0,314189.6599606926
1,2,18,1,3077144.0073871571
1,2,18,2,2333727.5482369377
1,2,18,3,1320822.7229441265
1,2,18,4,647403.9556892777
1,2,18,5,3728216.6974277096
1,2,18,6,11446078.1684210636
1,2,18,7,-1.1688037630
1,2,18,8,158.4530225692
1,2,18,9,18550.8714216138
1,2,18,10,-0.6278321056
1,2,18,11,-0.4280275805
1,2,18,12,1188.9629490112
1,2,18,13,-0.6095126540
1,2,18,14,603658.8569492860
1,2,18,15,103.6066676803
1,2,18,16,-1.8215005093
1,2,18,17,27498.7967217582
1,2,18,18,1693003.0986997625
1,2,18,19,20140.8729761799
1,2,18,20,2571463.7384930174
1,2,18,21,-5.3767800319
1,2,18,22,33845.3651057839
1,2,18,23,4036951.6068795323
1,2,18,24,-0.0818705267
1,2,18,25,-5.6996440708
1,2,18,26,25803.8029453729
1,2,18,27,169.8779801097
1,2,18,28,5428.2655528100
1,2,18,29,1190.1941533030
1,2,18,30,26398.3220918420
1,2,18,31,56292.7056795858
1,2,18,32,945.6032579232
1,2,18,33,75.6324897575
1,2,18,34,92.1713067022
1,2,18,35,149.0144242246
1,2,18,36,23400.8403005438
1,2,18,37,4392023.3055901174
1,2,18,38,106258.1628114273
1,2,18,39,52200.8205912440
1,2,18,40,7967.1700585741
1,2,18,41,128554.5453226359
1,2,18,42,45.7309533713
1,2,18,43,1480675.2947387157
1,2,18,44,5.2650084825
1,2,18,45,14664.5971534275
1,2,18,46,53.2221378876
1,2,18,47,-0.4652837069
1,2,18,48,56689.5571915709
1,2,18,49,67097.4123766828
1,2,18,50,329283.7415537329
1,2,18,51,229.8819669702
1,2,18,52,314.6857093835
1,2,18,53,1763551.9814879596
1,2,18,54,168.0078656404
1,2,18,55,323.3500062504
1,2,18,56,40.7268500422
1,2,18,57,44459.9771738746
1,2,18,58,16117.2914238203
1,2,18,59,495.2721329086
1,2,19,0,5.5758951133
1,2,19,1,-1.0600675426
1,2,19,2,-0.9484681664
1,2,19,3,4.8116476295
1,2,19,4,-0.7423672640
1,2,19,5,9.8900739226
1,2,19,6,10.4433242275
1,2,19,7,2.8704455370
1,2,19,8,32548.1478718685
1,2,19,9,34100.0142875882
1,2,19,10,-0.0688809172
1,2,19,11,0.0652820342
1,2,19,12,54039.2065584965
1,2,19,13,168403.7556350985
1,2,19,14,4.9840009511
1,2,19,15,209202.6145883674
1,2,19,16,240418.8169209412
1,2,19,17,19280.7652836980
1,2,19,18,240.7768880143
1,2,19,19,578436.1159024467
1,2,19,20,148.3095822413
1,2,19,21,7929961.1854620622
1,2,19,22,2581.2347908644
1,2,19,23,1249.2380011597
1,2,19,24,2.2261793673
1,2,19,25,3456338.0636507231
1,2,19,26,20613.6977510007
1,2,19,27,5940.3562193025
1,2,19,28,366214.6496999884
1,2,19,29,369862.7703075376
1,2,19,30,1585.0372978725
1,2,19,31,-2.2031798698
1,2,19,32,17991.5628717504
1,2,19,33,70693.2810213934
1,2,19,34,5959.8479416434
1,2,19,35,31756.7299513039
1,2,19,36,40008.0882927490
1,2,19,37,6246.7575031383
1,2,19,38,-1.9830099499
1,2,19,39,7847.9303467571
1,2,19,40,234226.8836805860
1,2,19,41,19780.9777807964
1,2,19,42,26865.0526477871
1,2,19,43,1737.2229838087
1,2,19,44,123884.5458379987
1,2,19,45,674021.9672418713
1,2,19,46,91552.6319740098
1,2,19,47,39911.1123528647
1,2,19,48,112463.4521034997
1,2,19,49,210408.9031122149
1,2,19,50,45818.8794929841
1,2,19,51,87965.6942963084
1,2,19,52,3489.5142140167
1,2,19,53,134106.8635001630
1,2,19,54,139661.4375152233
1,2,19,55,10800.7597304411
1,2,19,56,33255.1483903331
1,2,19,57,11183.2548235539
1,2,19,58,26202.0138799245
1,2,19,59,11001.0817881596
1,2,20,0,17942.8593142278
1,2,20,1,40497.9075375598
1,2,20,2,55340.2951562331
1,2,20,3,76280.4912115776
1,2,20,4,33546.3829491000
1,2,20,5,23100.9786514457
1,2,20,6,38323.4189090122
1,2,20,7,37.8399272657
1,2,20,8,97110.9037681836
1,2,20,9,81075.4419138330
1,2,20,10,0.0155222545
1,2,20,11,1.0410099352
1,2,20,12,152397.6406753257
1,2,20,13,117.3158179956
1,2,20,14,46588.9089130485
1,2,20,15,47427.9723790874
1,2,20,16,53.8465592609
1,2,20,17,334700.2687191021
1,2,20,18,80268.7241834497
1,2,20,19,134520.9085492435
1,2,20,20,71257.7421897293
1,2,20,21,1470.1125054225
1,2,20,22,292633.3134256850
1,2,20,23,589716.6559142786
1,2,20,24,33.5465626390
1,2,20,25,211786.8820850149
1,2,20,26,425445.5046573242
1,2,20,27,55831.0751166062
1,2,20,28,3320371.6025103102
1,2,20,29,130087.4856773181
1,2,20,30,583698.0791555527
1,2,20,31,38898.2677578796
1,2,20,32,68302.6785986252
1,2,20,33,872545.2500420302
1,2,20,34,71116.7793933764
1,2,20,35,142136.2889478877
1,2,20,36,229128.5347162778
1,2,20,37,418208.7719311790
1,2,20,38,49463.0780540643
1,2,20,39,817504.0868823840
1,2,20,40,600605.3727727442
1,2,20,41,701168.7362160551
1,2,20,42,491571.1517309640
1,2,20,43,130236.3021405593
1,2,20,44,220587.7675324379
1,2,20,45,1085211.7703280624
1,2,20,46,1042869.5905402878
1,2,20,47,1071.7983356894
1,2,20,48,127759.3042918428
1,2,20,49,150558.2626248568
1,2,20,50,167282.9185255785
1,2,20,51,207162.0148559860
1,2,20,52,6111294.8021734143
1,2,20,53,692244.1238553118
1,2,20,54,909359.0696548441
1,2,20,55,1593447.8483546297
1,2,20,56,60208.4465882084
1,2,20,57,216011.4851204829
1,2,20,58,308961.7617677680
1,2,20,59,3561684.1730582821
1,2,21,0,388.8156805748
1,2,21,1,520.7951628826
1,2,21,2,57.4472611514
1,2,21,3,216.8661159573
1,2,21,4,60636.9142775121
1,2,21,5,48731.3736828038
1,2,21,6,16814.8530179410
1,2,21,7,37.0095780997
1,2,21,8,1340273.6925428261
1,2,21,9,1898287.5893577770
1,2,21,10,-0.0050770341
1,2,21,11,1.0269977910
1,2,21,12,2599349.4628061294
1,2,21,13,34.7093240453
1,2,21,14,56710.4888260672
1,2,21,15,751295.1641617947
1,2,21,16,51.3290794795
1,2,21,17,406987.0880442955
1,2,21,18,1757300.2882720823
1,2,21,19,5370289.7310653226
1,2,21,20,3899776.8965709382
1,2,21,21,527.0372039132
1,2,21,22,203874.5965073564
1,2,21,23,52896.2039810145
1,2,21,24,32.3826305363
1,2,21,25,10000.3984753132
1,2,21,26,417456.8524045276
1,2,21,27,1071894.8734005548
1,2,21,28,126000.1308992016
1,2,21,29,726647.2535561128
1,2,21,30,891151.3351445092
1,2,21,31,137389.5231091295
1,2,21,32,261295.1725136908
1,2,21,33,374747.8007493875
1,2,21,34,1389738.8769223455
1,2,21,35,5404475.0561422324
1,2,21,36,276292.9012310011
1,2,21,37,45065.3270829528
1,2,21,38,61473.0967634363
1,2,21,39,567840.2728655280
1,2,21,40,730301.4792774712
1,2,21,41,92393.9151175220
1,2,21,42,110614.7565117146
1,2,21,43,282059.3433338677
1,2,21,44,5316329.8425545134
1,2,21,45,159080.5559290446
1,2,21,46,1455791.1334376964
1,2,21,47,216.0845119833
1,2,21,48,109392.6853433616
1,2,21,49,317099.8737419918
1,2,21,50,682850.1021884123
1,2,21,51,1106470.3466632722
1,2,21,52,42432.3785852902
1,2,21,53,348547.9157804630
1,2,21,54,550544.0522184562
1,2,21,55,168653.2669120478
1,2,21,56,32338.0455313988
1,2,21,57,113132.5658801493
1,2,21,58,33002.8100318896
1,2,21,59,2206781.8390685888
1,2,22,0,571588.0602755804
1,2,22,1,947426.9353699801
1,2,22,2,472858.7642777483
1,2,22,3,6480610.7519169077
1,2,22,4,1575726.6287819697
1,2,22,5,450075.6758794293
1,2,22,6,1182928.9779356041
1,2,22,7,-3.0929225015
1,2,22,8,19173.5556982367
1,2,22,9,104462.6537184997
1,2,22,10,-0.4130890876
1,2,22,11,-0.5259324824
1,2,22,12,269899.7432405319
1,2,22,13,-0.4507737367
1,2,22,14,1183047.1982611734
1,2,22,15,166924.7117125323
1,2,22,16,-0.8954224007
1,2,22,17,56214.6327940827
1,2,22,18,217790.7969410977
1,2,22,19,26062.8891544324
1,2,22,20,93332.7123464529
1,2,22,21,1.5747018732
1,2,22,22,763250.0685767309
1,2,22,23,378411.6409999421
1,2,22,24,-3.0417508823
1,2,22,25,3.7940338847
1,2,22,26,29872.0535747192
1,2,22,27,820772.3930753637
1,2,22,28,18079.9643406917
1,2,22,29,80405.8806825954
1,2,22,30,23561.6097858231
1,2,22,31,637654.3638349266
1,2,22,32,10331.7260698982
1,2,22,33,656691.6370265033
1,2,22,34,27239.8731740295
1,2,22,35,22512.9403475009
1,2,22,36,63862.2372229593
1,2,22,37,97863.7709742879
1,2,22,38,149525.6668003678
1,2,22,39,83761.7978781220
1,2,22,40,23715.5141558681
1,2,22,41,391686.2168708762
1,2,22,42,5034.0235991476
1,2,22,43,180061.1461878032
1,2,22,44,641.6086745766
1,2,22,45,10168.4318582169
1,2,22,46,26229.7187189197
1,2,22,47,-1.0535310122
1,2,22,48,1127795.7694605577
1,2,22,49,422963.8431619959
1,2,22,50,53764.9944763595
1,2,22,51,8386.5623402990
1,2,22,52,228.7569678183
1,2,22,53,132652.8036611545
1,2,22,54,2957.6135083410
1,2,22,55,5992.2785711170
1,2,22,56,964.3910128223
1,2,22,57,101373.2049301675
1,2,22,58,188047.8272116334
1,2,22,59,14276.3834901173
1,2,23,0,315942.0376331710
1,2,23,1,351294.7287029868
1,2,23,2,469.1513152072
1,2,23,3,1262.6834441927
1,2,23,4,30986.4257455075
1,2,23,5,107988.4333865681
1,2,23,6,4494913.1391867856
1,2,23,7,39.6988549241
1,2,23,8,189144.7137202849
1,2,23,9,2483217.9388415781
1,2,23,10,-0.0150182406
1,2,23,11,1.0571103124
1,2,23,12,1040392.1908613861
1,2,23,13,161.1445467844
1,2,23,14,424928.0486644943
1,2,23,15,145184.8932554051
1,2,23,16,60.5065494775
1,2,23,17,2484897.8304916183
1,2,23,18,282206.5468166774
1,2,23,19,741412.7785956635
1,2,23,20,17968313.9462853447
1,2,23,21,2691.4563488377
1,2,23,22,464314.9902985326
1,2,23,23,21138.4582515557
1,2,23,24,34.3721467798
1,2,23,25,107733.8005132735
1,2,23,26,2512595.7137754071
1,2,23,27,231516.4326544160
1,2,23,28,120011.5982024425
1,2,23,29,251014.0798846224
1,2,23,30,42358.4371615469
1,2,23,31,140166.5669827198
1,2,23,32,341455.4240065470
1,2,23,33,587229.8788856304
1,2,23,34,83038.3043346151
1,2,23,35,136988.2143516481
1,2,23,36,41164.8090612175
1,2,23,37,1378671.4822634174
1,2,23,38,97489.8462337501
1,2,23,39,6650377.0387200797
1,2,23,40,533148.3321042092
1,2,23,41,540136.2968445129
1,2,23,42,4754454.6861489732
1,2,23,43,80598.7610462265
1,2,23,44,94380.6687833471
1,2,23,45,83575.7685050085
1,2,23,46,11303771.2156982925
1,2,23,47,262.2439748628
1,2,23,48,217059.6310575754
1,2,23,49,273513.7119899605
1,2,23,50,466779.2152566484
1,2,23,51,894556.9870442055
1,2,23,52,4157836.4338768641
1,2,23,53,44744.9130907477
1,2,23,54,1356709.6010385111
1,2,23,55,1055818.6991558704
1,2,23,56,26869.9099988496
1,2,23,57,40599.8065167408
1,2,23,58,31355.0717911779
1,2,23,59,7097994.9658783320
1,2,24,0,330.6017927063
1,2,24,1,571.9387175482
1,2,24,2,117.4824564921
1,2,24,3,282.8155871420
1,2,24,4,14866.8353642349
1,2,24,5,15544.4604639428
1,2,24,6,16640.9682086557
1,2,24,7,2.8786712003
1,2,24,8,7428142.9770373367
1,2,24,9,11297492.0892735552
1,2,24,10,-0.2236561324
1,2,24,11,0.2826360508
1,2,24,12,1715461.3399817678
1,2,24,13,5944.1988291463
1,2,24,14,24327.5129070496
1,2,24,15,457705.4318135140
1,2,24,16,146.4241197054
1,2,24,17,256958.4165465641
1,2,24,18,2633575.3535263371
1,2,24,19,4839273.3724913755
1,2,24,20,2586757.3205299797
1,2,24,21,21990.7298650434
1,2,24,22,346063.2487073563
1,2,24,23,169692.6513719308
1,2,24,24,2.5448204496
1,2,24,25,54994.7951168499
1,2,24,26,2294394.9759403663
1,2,24,27,346330.3501108879
1,2,24,28,466481.8996982424
1,2,24,29,3677788.8401207845
1,2,24,30,84999.4898242943
1,2,24,31,16275.9382206935
1,2,24,32,281101.1009860011
1,2,24,33,317573.1799439674
1,2,24,34,293765.3365200315
1,2,24,35,450644.4026676916
1,2,24,36,92570.5508869396
1,2,24,37,70434.7411883856
1,2,24,38,10506.3191577326
1,2,24,39,21124631.4216206260
1,2,24,40,389086.6699084000
1,2,24,41,44039.7474752130
1,2,24,42,1579691.7785559280
1,2,24,43,316692.3412217334
1,2,24,44,1043146.0886848953
1,2,24,45,467723.0056015301
1,2,24,46,321265.4200825707
1,2,24,47,4818.9211779822
1,2,24,48,162246.1476228245
1,2,24,49,146076.0060827135
1,2,24,50,364205.2390875362
1,2,24,51,730645.9930395919
1,2,24,52,131871.0911004957
1,2,24,53,740477.1199882351
1,2,24,54,802811.5311992180
1,2,24,55,197944.9561022617
1,2,24,56,22409.8378331093
1,2,24,57,173898.4720599177
1,2,24,58,16917.5226031073
1,2,24,59,3674168.5694596823
1,2,25,0,69081.6895435555
1,2,25,1,48528.5439745235
1,2,25,2,476.7187299308
1,2,25,3,1191.7396989437
1,2,25,4,61053.5033500191
1,2,25,5,87743.2029402133
1,2,25,6,585473.7493916390
1,2,25,7,0.5890404114
1,2,25,8,635170.9405771761
1,2,25,9,1614979.6105824271
1,2,25,10,-0.2511860851
1,2,25,11,-0.0370740768
1,2,25,12,642853.0632542060
1,2,25,13,92.2765008677
1,2,25,14,689024.9494509532
1,2,25,15,112634.2883496175
1,2,25,16,2.8959261929
1,2,25,17,1072426.1016376808
1,2,25,18,752513.4245649257
1,2,25,19,1286543.1158908196
1,2,25,20,11510905.6729991324
1,2,25,21,1239.4837380181
1,2,25,22,766088.9134510340
1,2,25,23,143479.1853205147
1,2,25,24,0.5554555205
1,2,25,25,123240.0899458920
1,2,25,26,699491.8788649299
1,2,25,27,137309.9253273767
1,2,25,28,96429.7846196520
1,2,25,29,179419.7259385721
1,2,25,30,96276.0474928515
1,2,25,31,67989.8273486884
1,2,25,32,272942.8384455100
1,2,25,33,501203.2139531977
1,2,25,34,90027.0844764310
1,2,25,35,178567.1666619536
1,2,25,36,62044.4237785950
1,2,25,37,3414465.5880233822
1,2,25,38,55507.1998071741
1,2,25,39,1576153.6710016031
1,2,25,40,979798.6189315723
1,2,25,41,948137.5635289798
1,2,25,42,1189316.9963581692
1,2,25,43,140727.0753396298
1,2,25,44,231745.3410229496
1,2,25,45,145911.1613988226
1,2,25,46,1580333.6579118830
1,2,25,47,332.2837000356
1,2,25,48,201179.1501455017
1,2,25,49,722303.7696673942
1,2,25,50,3253869.1527547045
1,2,25,51,668180.3527082504
1,2,25,52,334989.5320461977
1,2,25,53,89760.0508482453
1,2,25,54,5506547.6318325419
1,2,25,55,528380.5493485235
1,2,25,56,75587.0435049982
1,2,25,57,65358.7878699911
1,2,25,58,126875.3158626770
1,2,25,59,1731343.3698976885
1,2,26,0,66.3395141106
1,2,26,1,96.9496908362
1,2,26,2,55.9654669333
1,2,26,3,131.0385706815
1,2,26,4,30980.0922208287
1,2,26,5,66528.0956380005
1,2,26,6,14417.7735368968
1,2,26,7,-2.1050306843
1,2,26,8,692304.4886435171
1,2,26,9,932396.2579344764
1,2,26,10,-0.1272053393
1,2,26,11,-0.3458463468
1,2,26,12,1770889.0997108005
1,2,26,13,15.1175709908
1,2,26,14,49995.6993290255
1,2,26,15,1969737.1450841378
1,2,26,16,0.1409050360
1,2,26,17,4309804.6907082982
1,2,26,18,165965.5290368730
1,2,26,19,4398083.6245087525
1,2,26,20,637678.3499179144
1,2,26,21,1634.7216382071
1,2,26,22,24221805.9330432750
1,2,26,23,45352.2153253929
1,2,26,24,-1.8796601871
1,2,26,25,4041.6154674139
1,2,26,26,1271628.3280720809
1,2,26,27,3145155.1150817680
1,2,26,28,34281.2459970669
1,2,26,29,394016.6488552871
1,2,26,30,45800.7761629672
1,2,26,31,2873034.1733444328
1,2,26,32,336074.7941578948
1,2,26,33,624542.3525737565
1,2,26,34,396330.1671738796
1,2,26,35,449576.9562212494
1,2,26,36,393306.7418109064
1,2,26,37,222728.7009951900
1,2,26,38,225809.2153156234
1,2,26,39,3997054.0564588117
1,2,26,40,140326.3021845298
1,2,26,41,25381.9159373334
1,2,26,42,1078499.4611617774
1,2,26,43,1434112.8168799269
1,2,26,44,329376.2348441220
1,2,26,45,186360.2789023664
1,2,26,46,356007.7675040560
1,2,26,47,32944.8881321616
1,2,26,48,226048.6020206559
1,2,26,49,944804.9111587426
1,2,26,50,3120402.0426487885
1,2,26,51,303467.5268910463
1,2,26,52,997080.5328039336
1,2,26,53,110061417.3240724057
1,2,26,54,867911.9511009217
1,2,26,55,613926.5315364524
1,2,26,56,61644.2756714143
1,2,26,57,1692830.5571230017
1,2,26,58,28137.4390593916
1,2,26,59,565429.7218265695
1,2,27,0,18299.0484847864
1,2,27,1,21854.1591739054
1,2,27,2,361.7809919563
1,2,27,3,820.7046635264
1,2,27,4,137651.6413970394
1,2,27,5,480344.8903641824
1,2,27,6,156301.1313369399
1,2,27,7,-0.9624115485
1,2,27,8,383561.5556042145
1,2,27,9,1492750.0138180244
1,2,27,10,-0.3193023250
1,2,27,11,-0.4878960472
1,2,27,12,708068.7791165550
1,2,27,13,145.2378719945
1,2,27,14,52685.8027039947
1,2,27,15,104870.8183461431
1,2,27,16,7.7228931738
1,2,27,17,3347339.2320823590
1,2,27,18,225216.8508529610
1,2,27,19,1978630.1398991486
1,2,27,20,178231.5646731931
1,2,27,21,25172.4196989396
1,2,27,22,21035876.8532077074
1,2,27,23,56177.3204347735
1,2,27,24,-0.9775027151
1,2,27,25,16667.9750987952
1,2,27,26,842888.1527287862
1,2,27,27,161213.6490836035
1,2,27,28,56715.6596624161
1,2,27,29,984994.0122448426
1,2,27,30,55766.9066326869
1,2,27,31,195225.3157906088
1,2,27,32,1292908.3813526696
1,2,27,33,431701.7107017990
1,2,27,34,573415.9468064515
1,2,27,35,603893.1473445636
1,2,27,36,42137.8130272716
1,2,27,37,145054.9471799046
1,2,27,38,2194952.1473610718
1,2,27,39,1464442.0475165534
1,2,27,40,514518.4554504317
1,2,27,41,209380.4866533926
1,2,27,42,2071434.0329886235
1,2,27,43,69338.5392848959
1,2,27,44,579020.5518849492
1,2,27,45,100599.4358071851
1,2,27,46,1025783.1866707788
1,2,27,47,42140.6909699753
1,2,27,48,1684756.3206053341
1,2,27,49,2243683.3733437774
1,2,27,50,2646871.4286541846
1,2,27,51,161495.4329041469
1,2,27,52,401387.2957054352
1,2,27,53,683347.3081327275
1,2,27,54,593455.4047371902
1,2,27,55,1362133.5395797077
1,2,27,56,28433.9040579833
1,2,27,57,475253.3523800739
1,2,27,58,26858.9018833951
1,2,27,59,1049459.1826062859
1,2,28,0,16.3658258026
1,2,28,1,10.6144827847
1,2,28,2,21.2164376337
1,2,28,3,64.7954819310
1,2,28,4,53039.6100641675
1,2,28,5,32018.7371243734
1,2,28,6,16181.3122678550
1,2,28,7,3.1111415808
1,2,28,8,3142876.0354312733
1,2,28,9,31750679.6908586994
1,2,28,10,-0.0329346923
1,2,28,11,0.0331531702
1,2,28,12,4884746.1311778761
1,2,28,13,1239.1323636582
1,2,28,14,262385.8290087946
1,2,28,15,361796.2172796999
1,2,28,16,15.9856493833
1,2,28,17,15749772.2544336524
1,2,28,18,377306.5531588915
1,2,28,19,3124948.1500739390
1,2,28,20,1165863.4150922371
1,2,28,21,57385.9698715952
1,2,28,22,99652.5501663831
1,2,28,23,54921.8573030768
1,2,28,24,2.2557612293
1,2,28,25,11531.1171912205
1,2,28,26,2063202.5219512621
1,2,28,27,466025.2325104211
1,2,28,28,149455.9203642979
1,2,28,29,3847129.1752667981
1,2,28,30,100900.0509200384
1,2,28,31,515870.6588387643
1,2,28,32,1210682.6282157209
1,2,28,33,815066.7422615604
1,2,28,34,492638.7654261401
1,2,28,35,1056543.4620297465
1,2,28,36,560885.7079397661
1,2,28,37,37143.1867867941
1,2,28,38,526759.9863423548
1,2,28,39,782332.3922909346
1,2,28,40,233663.8453784301
1,2,28,41,303710.9781911088
1,2,28,42,253145.8392612381
1,2,28,43,666111.0112529035
1,2,28,44,279665.1474578271
1,2,28,45,166224.4117426327
1,2,28,46,1624403.6418307417
1,2,28,47,2465.6461916979
1,2,28,48,230045.6680972339
1,2,28,49,447097.6506170405
1,2,28,50,66783.9823785337
1,2,28,51,1147271.7213383408
1,2,28,52,534884.6965453138
1,2,28,53,392474.1469342494
1,2,28,54,1373391.3650762809
1,2,28,55,9034657.8774582688
1,2,28,56,512265.4366342413
1,2,28,57,1163094.8714337882
1,2,28,58,302027.5660588450
1,2,28,59,3129627.3668991020
1,2,29,0,41620.2934531006
1,2,29,1,17396.2892142040
1,2,29,2,18775.0809689413
1,2,29,3,35909.8743930769
1,2,29,4,305391.7782669794
1,2,29,5,31815.9601095629
1,2,29,6,15216.0101760132
1,2,29,7,-2.8241824371
1,2,29,8,43907.1317630782
1,2,29,9,108145.1936851148
1,2,29,10,-0.2633878987
1,2,29,11,-0.1945793966
1,2,29,12,46858.6897136225
1,2,29,13,809.6110482148
1,2,29,14,183938.7265720865
1,2,29,15,6018715.7138844822
1,2,29,16,-5.5590407780
1,2,29,17,155732.6437387533
1,2,29,18,92677.7614738754
1,2,29,19,185554.2481777661
1,2,29,20,78935.8605582708
1,2,29,21,2775.3514777244
1,2,29,22,658755.6747086338
1,2,29,23,16465766.4634957407
1,2,29,24,-2.1047346058
1,2,29,25,12174.3495957416
1,2,29,26,64303.1956035359
1,2,29,27,2732925.2645952366
1,2,29,28,1791160.3946603050
1,2,29,29,132753.4247840383
1,2,29,30,25896648.9916905425
1,2,29,31,92873.0157389479
1,2,29,32,60533.5867191183
1,2,29,33,75900.9583549608
1,2,29,34,1181854.1939709750
1,2,29,35,273796.9106687772
1,2,29,36,52126140.3359207362
1,2,29,37,5993081.1877254955
1,2,29,38,157120.0629630673
1,2,29,39,3975535.3229277646
1,2,29,40,2215673.7612389596
1,2,29,41,6569292.4300696440
1,2,29,42,42837.1456183920
1,2,29,43,1862288.0494966146
1,2,29,44,916771.6154359156
1,2,29,45,785202.5472125893
1,2,29,46,81625.5708581662
1,2,29,47,264.5304713942
1,2,29,48,227375.1480701019
1,2,29,49,135762.7962618749
1,2,29,50,294826.7843899751
1,2,29,51,1587129.9569944427
1,2,29,52,211619.1758344934
1,2,29,53,2780392.6861732351
1,2,29,54,262573.0600108076
1,2,29,55,9009149.2283043191
1,2,29,56,141429.6430500672
1,2,29,57,14223004.2051248904
1,2,29,58,1652141.3153834830
1,2,29,59,353757.5021846607
1,2,30,0,14236.3583711987
1,2,30,1,29335.0227701117
1,2,30,2,452.9838877402
1,2,30,3,1047.8052479854
1,2,30,4,53223.1783479655
1,2,30,5,121677.1942917588
1,2,30,6,94192.0723283102
1,2,30,7,-3.2103537846
1,2,30,8,3688994.6590552218
1,2,30,9,318696.5349109281
1,2,30,10,-0.4786617810
1,2,30,11,-0.2972035695
1,2,30,12,592272.7950929170
1,2,30,13,572.0176709114
1,2,30,14,62549.3891032104
1,2,30,15,145587.9386747805
1,2,30,16,10.0192579181
1,2,30,17,3214363.2289004629
1,2,30,18,216820.9982121415
1,2,30,19,781128.6068790846
1,2,30,20,169104.3118642176
1,2,30,21,32427.7774116378
1,2,30,22,7757102.6381746810
1,2,30,23,49820.8719583942
1,2,30,24,-2.3606330196
1,2,30,25,25092.0462990974
1,2,30,26,981041.0368105760
1,2,30,27,496728.4259860480
1,2,30,28,47269.1106149842
1,2,30,29,606782.6009023478
1,2,30,30,107867.3462837259
1,2,30,31,299431.0368730108
1,2,30,32,620191.0924873668
1,2,30,33,384464.1840754246
1,2,30,34,282783.1133043375
1,2,30,35,979423.5324818158
1,2,30,36,133278.0095884809
1,2,30,37,103374.5668048928
1,2,30,38,1173212.6975415542
1,2,30,39,9651858.4501786958
1,2,30,40,176960.3338873356
1,2,30,41,179011.4951497301
1,2,30,42,1510183.7174367686
1,2,30,43,429773.3587363388
1,2,30,44,260988.5550530856
1,2,30,45,85914.7061532939
1,2,30,46,255332.8771881540
1,2,30,47,242.1608012942
1,2,30,48,12485857.0953422524
1,2,30,49,852877.9593017318
1,2,30,50,6927391.7860286254
1,2,30,51,277837.3521909288
1,2,30,52,870869.8289338077
1,2,30,53,1584668.5562263061
1,2,30,54,3354662.6442924486
1,2,30,55,412383.8003672351
1,2,30,56,19657.2149600054
1,2,30,57,248256.7257904613
1,2,30,58,17031.8407916435
1,2,30,59,1277223.9861402812
1,2,31,0,163.0896064975
1,2,31,1,77.2427282357
1,2,31,2,328.9401089404
1,2,31,3,1247.0862009354
1,2,31,4,10776.1861858595
1,2,31,5,3233.3917242206
1,2,31,6,2772.5747328127
1,2,31,7,36.0337718317
1,2,31,8,791558.5221669081
1,2,31,9,146301.5993259182
1,2,31,10,0.0471384473
1,2,31,11,0.8192718995
1,2,31,12,153908.2106106079
1,2,31,13,299.3745201737
1,2,31,14,11761.8920847621
1,2,31,15,120254.3894765967
1,2,31,16,71.8466973108
1,2,31,17,1666801.0051707258
1,2,31,18,454981.9070852384
1,2,31,19,201529.6806689102
1,2,31,20,431744.6481695530
1,2,31,21,2654.1276884996
1,2,31,22,1087335.8562170276
1,2,31,23,56491.1245137945
1,2,31,24,31.4893427163
1,2,31,25,45769.1438443650
1,2,31,26,80357.1697678280
1,2,31,27,498348.1555552570
1,2,31,28,76777.1295472695
1,2,31,29,117037.8670786998
1,2,31,30,101005.6406129176
1,2,31,31,594936.3926913947
1,2,31,32,160739.7834888373
1,2,31,33,104754.6230452317
1,2,31,34,136962.0750337194
1,2,31,35,2906585.1246930752
1,2,31,36,245899.6441608649
1,2,31,37,484981.9038242958
1,2,31,38,56887.1941746162
1,2,31,39,279137.5904555580
1,2,31,40,1392508.9487354320
1,2,31,41,46090.8601437120
1,2,31,42,90015.0685369343
1,2,31,43,63199.0501692473
1,2,31,44,366873.7461486541
1,2,31,45,98618.8550418296
1,2,31,46,15052063.2090602219
1,2,31,47,914.2753253690
1,2,31,48,240416.0119734312
1,2,31,49,803084.4195982993
1,2,31,50,906914.2738032067
1,2,31,51,981409.0919907715
1,2,31,52,45289.4552984613
1,2,31,53,197743.5319218483
1,2,31,54,4694199.4321378693
1,2,31,55,556969.7323060395
1,2,31,56,21472.4733344519
1,2,31,57,397917.1359550090
1,2,31,58,48945.7209015524
1,2,31,59,11185669.2483501025
1,2,32,0,-2.6800279167
1,2,32,1,-0.1767036182
1,2,32,2,-0.1165195047
1,2,32,3,-3.1742891183
1,2,32,4,-1.7292556047
1,2,32,5,-0.5691417032
1,2,32,6,-0.5102070310
1,2,32,7,-0.9080971506
1,2,32,8,17779.5367403694
1,2,32,9,323.9534418030
1,2,32,10,-0.0636816552
1,2,32,11,-0.0185872516
1,2,32,12,43582.6413637429
1,2,32,13,985.0001267690
1,2,32,14,-6.3548426786
1,2,32,15,260458.8592685274
1,2,32,16,-4.2844041982
1,2,32,17,202.9197720886
1,2,32,18,197.1986629831
1,2,32,19,7052.7048542159
1,2,32,20,211.1298367218
1,2,32,21,33758.8822771413
1,2,32,22,891.3429009419
1,2,32,23,68.0647728635
1,2,32,24,-0.7563394136
1,2,32,25,2079129.2261735797
1,2,32,26,8793.9613752056
1,2,32,27,218979.3573081350
1,2,32,28,13384.5911071844
1,2,32,29,41596.3644502800
1,2,32,30,20372.3450137725
1,2,32,31,-1.1966346088
1,2,32,32,38817.1813758043
1,2,32,33,64955.4102859121
1,2,32,34,217393.0695335105
1,2,32,35,26266.1020989188
1,2,32,36,142460.7131023689
1,2,32,37,153.6071187047
1,2,32,38,-1.2832345721
1,2,32,39,1837.1257313909
1,2,32,40,3676.4160177005
1,2,32,41,7544.1319478715
1,2,32,42,72177.9067804878
1,2,32,43,133.1473941006
1,2,32,44,49443.9583128870
1,2,32,45,32524.0690915650
1,2,32,46,498384.7839236131
1,2,32,47,492615.5591501086
1,2,32,48,66209.5204393661
1,2,32,49,114039.9489962794
1,2,32,50,26093.5257771206
1,2,32,51,11460.6793847751
1,2,32,52,53764.3136078221
1,2,32,53,25806.1019972658
1,2,32,54,15856.5407576330
1,2,32,55,105335.2550456516
1,2,32,56,299125.3745013257
1,2,32,57,33552.9937500108
1,2,32,58,309327.6866573723
1,2,32,59,19197.5982230291
1,2,33,0,233591.4772332791
1,2,33,1,587189.5439781266
1,2,33,2,159475.8712649933
1,2,33,3,930016.4374446797
1,2,33,4,184057.6200646809
1,2,33,5,713985.2738988800
1,2,33,6,2425356.9222508930
1,2,33,7,0.7302518790
1,2,33,8,22836.6284626837
1,2,33,9,144034.9155358175
1,2,33,10,-0.4137932590
1,2,33,11,-0.2369370756
1,2,33,12,39716.0446764947
1,2,33,13,-0.7800652599
1,2,33,14,116855.4756437044
1,2,33,15,28771.3571485599
1,2,33,16,0.8304244547
1,2,33,17,172237.5741314787
1,2,33,18,103611.5420320230
1,2,33,19,93892.1031133196
1,2,33,20,371116.8027546463
1,2,33,21,-1.4762540231
1,2,33,22,67373.7016576404
1,2,33,23,48361.4680040817
1,2,33,24,0.7456003038
1,2,33,25,-3.3673170803
1,2,33,26,75420.8090430340
1,2,33,27,12211.7253383282
1,2,33,28,29070.6652119310
1,2,33,29,190752.4673814913
1,2,33,30,32574.3805368398
1,2,33,31,1561953.7600630757
1,2,33,32,98747.5417020846
1,2,33,33,14829.3024307171
1,2,33,34,24472.7742238772
1,2,33,35,30638.0766110608
1,2,33,36,100524.1249108643
1,2,33,37,42702.7587853776
1,2,33,38,360364.2369279295
1,2,33,39,27196.1597344538
1,2,33,40,1792592.1258451201
1,2,33,41,966575.0818040115
1,2,33,42,97562.4944963958
1,2,33,43,128080.0249895738
1,2,33,44,209.7954295187
1,2,33,45,2515.9295365974
1,2,33,46,351569.2422663895
1,2,33,47,-0.5232800280
1,2,33,48,225602.2422999745
1,2,33,49,223059.0455783743
1,2,33,50,36729.8338388819
1,2,33,51,476.9946285882
1,2,33,52,92.3434244488
1,2,33,53,39319.8732324112
1,2,33,54,247.4125338144
1,2,33,55,411.9793433062
1,2,33,56,35.4448976811
1,2,33,57,64295.7194715196
1,2,33,58,192274.8854747921
1,2,33,59,636.2050814681
1,2,34,0,28.5672425730
1,2,34,1,10.9243108613
1,2,34,2,17.8876931079
1,2,34,3,45.3021890976
1,2,34,4,10301.1863596969
1,2,34,5,368847.7991022281
1,2,34,6,25988.3335183289
1,2,34,7,1.6782417512
1,2,34,8,114017.6186954915
1,2,34,9,94763.0147203836
1,2,34,10,-0.2238724954
1,2,34,11,0.1427040583
1,2,34,12,103463.1354329353
1,2,34,13,194549.5709410449
1,2,34,14,27038.2021122216
1,2,34,15,52958.3799650816
1,2,34,16,364448.2203060708
1,2,34,17,326367.6850772164
1,2,34,18,5866.4858928977
1,2,34,19,87436.9978939929
1,2,34,20,4446.3798696862
1,2,34,21,268593.2001549400
1,2,34,22,24022.2653376854
1,2,34,23,2289910.8757982892
1,2,34,24,1.6721073734
1,2,34,25,1864172.5824870383
1,2,34,26,518672.5831140551
1,2,34,27,179724.3328977035
1,2,34,28,678920.6782518191
1,2,34,29,143807.5313646815
1,2,34,30,5583.2690124877
1,2,34,31,849.7255302898
1,2,34,32,454643.0428463665
1,2,34,33,70715.1379120136
1,2,34,34,53426.7357075227
1,2,34,35,72819.7111507751
1,2,34,36,182188.1346622693
1,2,34,37,39104.8057216159
1,2,34,38,993.1914611528
1,2,34,39,99783.6146739107
1,2,34,40,381912.9188083400
1,2,34,41,87134.8669498383
1,2,34,42,56583.5746195036
1,2,34,43,17755.2206445966
1,2,34,44,432145.3629881407
1,2,34,45,186975.4739592337
1,2,34,46,45850.8696627407
1,2,34,47,59255.5243468940
1,2,34,48,88089.2363972344
1,2,34,49,743832.5272663534
1,2,34,50,120291.9281604375
1,2,34,51,148090.7320486574
1,2,34,52,13967.4566001603
1,2,34,53,68241.1728423371
1,2,34,54,123836.2779252437
1,2,34,55,100009.8502132561
1,2,34,56,238012.2595361223
1,2,34,57,99984.9883908014
1,2,34,58,140268.6916886251
1,2,34,59,537077.9730669635
1,2,35,0,188.3722824823
1,2,35,1,65.7697323430
1,2,35,2,2554.7180988882
1,2,35,3,14129.3551342760
1,2,35,4,36496.1299665729
1,2,35,5,8432.8388244679
1,2,35,6,3358.3799960120
1,2,35,7,0.2556994692
1,2,35,8,87181.3260976514
1,2,35,9,55506.4880039622
1,2,35,10,-0.2158267641
1,2,35,11,0.0442051068
1,2,35,12,491174.6647625004
1,2,35,13,1926.3444382553
1,2,35,14,45713.8914049488
1,2,35,15,120360.8010340718
1,2,35,16,14.2260482801
1,2,35,17,81367.5803276515
1,2,35,18,284433.8220028313
1,2,35,19,463012.4116058298
1,2,35,20,217674.1439428165
1,2,35,21,178036.7644658819
1,2,35,22,287541.6018381616
1,2,35,23,90509.7150595979
1,2,35,24,0.6607672496
1,2,35,25,166159.7395327856
1,2,35,26,5373721.1620063474
1,2,35,27,109275.9748532030
1,2,35,28,187858.1083102545
1,2,35,29,802221.9537007370
1,2,35,30,1841334.6158437608
1,2,35,31,69140.1175432522
1,2,35,32,238154.7508736125
1,2,35,33,297223.0494255599
1,2,35,34,78485.5303673448
1,2,35,35,132714.3832606830
1,2,35,36,4698178.4582511568
1,2,35,37,185887.5493196920
1,2,35,38,114481.8224354283
1,2,35,39,946755.4610854140
1,2,35,40,779172.6753584009
1,2,35,41,577723.3151621260
1,2,35,42,886441.5373322881
1,2,35,43,775859.5650364732
1,2,35,44,107366.0626090595
1,2,35,45,1058987.4466363727
1,2,35,46,128520.3131456987
1,2,35,47,1584.6700047919
1,2,35,48,230044.6568437985
1,2,35,49,463420.4552480626
1,2,35,50,272816.2248141766
1,2,35,51,600865.3035565914
1,2,35,52,764608.4219698206
1,2,35,53,172637.4360393366
1,2,35,54,958850.3598032714
1,2,35,55,1700393.3417569331
1,2,35,56,379076.8109787336
1,2,35,57,1983930.3991035256
1,2,35,58,1176171.0235414573
1,2,35,59,1743707.6662905056
1,2,36,0,135.0871212696
1,2,36,1,81.9058165873
1,2,36,2,253.3997464232
1,2,36,3,324.2379669842
1,2,36,4,491.1535978109
1,2,36,5,3166.8166375238
1,2,36,6,7084.5422896605
1,2,36,7,-0.2327842637
1,2,36,8,184384.4619917414
1,2,36,9,157197.8849190166
1,2,36,10,-0.3276261669
1,2,36,11,0.0466814920
1,2,36,12,37237.0257519283
1,2,36,13,23405.9370825640
1,2,36,14,632.2638850049
1,2,36,15,17321.5126549822
1,2,36,16,3509.1008244942
1,2,36,17,118757.3704646776
1,2,36,18,16532.0025679137
1,2,36,19,374935.9926828203
1,2,36,20,26848.6405401712
1,2,36,21,44913.5619496949
1,2,36,22,46597.6748414819
1,2,36,23,91848.8970466123
1,2,36,24,0.0691324746
1,2,36,25,42569.9823126750
1,2,36,26,208067.4006492743
1,2,36,27,9760.6198147078
1,2,36,28,825052.9776824577
1,2,36,29,323784.5857916658
1,2,36,30,3683.5961168425
1,2,36,31,616.3413680027
1,2,36,32,30580.9451775996
1,2,36,33,33047.0801503233
1,2,36,34,19398.2544176557
1,2,36,35,161512.1514473282
1,2,36,36,454123.7666518646
1,2,36,37,73813.2614964068
1,2,36,38,2094.4545678321
1,2,36,39,54318.5576928214
1,2,36,40,290145.9791312798
1,2,36,41,15554.1145229248
1,2,36,42,126691.4979782388
1,2,36,43,18030.8864508259
1,2,36,44,44744.6318292935
1,2,36,45,211251.1579791582
1,2,36,46,36752.7680497880
1,2,36,47,46940.2368370591
1,2,36,48,452710.9311610805
1,2,36,49,563393.0331323746
1,2,36,50,960473.4887918024
1,2,36,51,216183.8880196293
1,2,36,52,5359.5339826540
1,2,36,53,200588.7571175416
1,2,36,54,627577.5904770264
1,2,36,55,35102.7395162728
1,2,36,56,179008.6866523907
1,2,36,57,234835.5902751071
1,2,36,58,255975.7916720969
1,2,36,59,1500498.3687200258
1,2,37,0,-5.8180251909
1,2,37,1,-0.5054531477
1,2,37,2,0.7092494437
1,2,37,3,-1.6744624777
1,2,37,4,90.7295023676
1,2,37,5,3129.2704951644
1,2,37,6,4662.9532635058
1,2,37,7,-2.4921940515
1,2,37,8,121029.3565632657
1,2,37,9,129874.1271365977
1,2,37,10,-0.1956249447
1,2,37,11,-0.1449918690
1,2,37,12,1040769.0687159846
1,2,37,13,10809.7263538993
1,2,37,14,166.7368597141
1,2,37,15,203796.8022885166
1,2,37,16,8821.4855470573
1,2,37,17,568341.9271756659
1,2,37,18,7810.8655003788
1,2,37,19,456222.1905694291
1,2,37,20,4181.8456127327
1,2,37,21,1732354.4163466268
1,2,37,22,37326.6362155737
1,2,37,23,485786.1305646327
1,2,37,24,-1.9434118425
1,2,37,25,1618660.2328793218
1,2,37,26,155128.4928450118
1,2,37,27,33539.1853512180
1,2,37,28,935136.7139848608
1,2,37,29,386166.2198044445
1,2,37,30,509177.4505145909
1,2,37,31,16.3761716812
1,2,37,32,112733.9234141949
1,2,37,33,458036.1221507544
1,2,37,34,113560.5417190850
1,2,37,35,73479.5969610230
1,2,37,36,120792.1768923883
1,2,37,37,20317.4914251888
1,2,37,38,21.1731326322
1,2,37,39,33547.2360813950
1,2,37,40,65110.3210472829
1,2,37,41,155324.0248155086
1,2,37,42,82004.1632693641
1,2,37,43,20781.7985937493
1,2,37,44,150020.1462350448
1,2,37,45,95595.1682577055
1,2,37,46,251845.0196781420
1,2,37,47,40085.9255562009
1,2,37,48,215030.0410477133
1,2,37,49,1065955.2840525445
1,2,37,50,483217.1578461719
1,2,37,51,831249.2099529001
1,2,37,52,123716.7658289093
1,2,37,53,43036.2188153037
1,2,37,54,689207.7248527736
1,2,37,55,66900.0762392352
1,2,37,56,483352.5825207068
1,2,37,57,109369.9564068641
1,2,37,58,203766.0144250015
1,2,37,59,250394.5426786475
1,2,38,0,-0.9137757041
1,2,38,1,0.0035006856
1,2,38,2,-0.1537931897
1,2,38,3,-0.5858676465
1,2,38,4,-0.8396705996
1,2,38,5,-0.1035804010
1,2,38,6,0.3343749467
1,2,38,7,-1.5890463596
1,2,38,8,826.9870771408
1,2,38,9,58.4573979657
1,2,38,10,-0.0587487665
1,2,38,11,-0.0417204213
1,2,38,12,2980.0595849358
1,2,38,13,4748.7075795750
1,2,38,14,-1.8803079453
1,2,38,15,7314.3323028629
1,2,38,16,-3.4730287716
1,2,38,17,33.1938487577
1,2,38,18,120.4480496456
1,2,38,19,514.9253440648
1,2,38,20,172.7115880996
1,2,38,21,11518.3345880005
1,2,38,22,150.3728539358
1,2,38,23,12.5565832236
1,2,38,24,-1.1581829832
1,2,38,25,38733.7413633518
1,2,38,26,521.7000278976
1,2,38,27,88881.1069141037
1,2,38,28,59103.7558048358
1,2,38,29,1129.7553037288
1,2,38,30,5077.7859301092
1,2,38,31,-0.9556922420
1,2,38,32,15065.9122704134
1,2,38,33,20613.3507505558
1,2,38,34,26039.3135727083
1,2,38,35,1184.1880971209
1,2,38,36,12765.1202803547
1,2,38,37,32.8149784295
1,2,38,38,-0.9139312859
1,2,38,39,373.2248373383
1,2,38,40,502.4777246061
1,2,38,41,921.7043672764
1,2,38,42,8874.0142964308
1,2,38,43,46.4096998712
1,2,38,44,5485.3449696906
1,2,38,45,13886.8027145023
1,2,38,46,4768.0276619454
1,2,38,47,7416541.0997279314
1,2,38,48,2038.4219627883
1,2,38,49,1813.9341656372
1,2,38,50,9202.1427235643
1,2,38,51,866.5304926466
1,2,38,52,107070.2737427396
1,2,38,53,3955.9697741482
1,2,38,54,1591.1413999113
1,2,38,55,1021022.8053641014
1,2,38,56,178600.7691791370
1,2,38,57,35115.7085858480
1,2,38,58,12025.4054491215
1,2,38,59,16663.1474530966
1,2,39,0,3.5945703343
1,2,39,1,-1.9094551147
1,2,39,2,0.2546970179
1,2,39,3,11.2371416119
1,2,39,4,1516608.1295808887
1,2,39,5,200045.9554046866
1,2,39,6,22634.1408123093
1,2,39,7,1.3562249986
1,2,39,8,465098.7076289264
1,2,39,9,192770.6155589404
1,2,39,10,-0.1498226712
1,2,39,11,0.1655289638
1,2,39,12,385062.2001466586
1,2,39,13,33483.7145036486
1,2,39,14,53397.0683645878
1,2,39,15,7248071.0446592793
1,2,39,16,199.9149205095
1,2,39,17,81281.7563719810
1,2,39,18,268526.9236452334
1,2,39,19,778613.8505965486
1,2,39,20,161369.9243124010
1,2,39,21,71181.9119055761
1,2,39,22,1321718.0813214316
1,2,39,23,229133.9545659430
1,2,39,24,1.2380055582
1,2,39,25,271597.0222563769
1,2,39,26,2900740.9639586643
1,2,39,27,1813810.6129142386
1,2,39,28,295287.8629766395
1,2,39,29,1280514.6280110737
1,2,39,30,105243.0668977898
1,2,39,31,191.7920648726
1,2,39,32,496851.3061020084
1,2,39,33,42553128.4439627379
1,2,39,34,3710890.3289819499
1,2,39,35,1409622.3463353710
1,2,39,36,51678.4876678467
1,2,39,37,329330.6252425474
1,2,39,38,212.4464713746
1,2,39,39,1781974.2287150614
1,2,39,40,18603279.4424689338
1,2,39,41,98835.1367202495
1,2,39,42,538125.4456549431
1,2,39,43,126050.7381675713
1,2,39,44,5594529.1578143798
1,2,39,45,197001.6085728090
1,2,39,46,447141.3288721929
1,2,39,47,21338.0908857286
1,2,39,48,395566.5173597071
1,2,39,49,104382.9152256013
1,2,39,50,281638.3534829278
1,2,39,51,1213437.8817976499
1,2,39,52,60238.3186021787
1,2,39,53,62259.0334034913
1,2,39,54,231940.5986248557
1,2,39,55,512951.5905826047
1,2,39,56,20850.3779727436
1,2,39,57,58233.0930215008
1,2,39,58,41418.0684338188
1,2,39,59,96006.1095685452
1,2,40,0,1.1815267023
1,2,40,1,-0.7012810475
1,2,40,2,4.9071738675
1,2,40,3,25.9349029281
1,2,40,4,6215.0570789291
1,2,40,5,13120.1187616671
1,2,40,6,2208.8924451449
1,2,40,7,0.2552628186
1,2,40,8,100617.3730938602
1,2,40,9,19854.6930862041
1,2,40,10,-0.0487278618
1,2,40,11,0.0529342799
1,2,40,12,52847.7887112793
1,2,40,13,2740.2302445971
1,2,40,14,7164.7929212726
1,2,40,15,4397965.9896059036
1,2,40,16,-3.5694349454
1,2,40,17,22022.6599881958
1,2,40,18,80838.8386738561
1,2,40,19,175450.6569429607
1,2,40,20,47524.9533176538
1,2,40,21,275775.0146971042
1,2,40,22,18006.5948237043
1,2,40,23,238709.2344254564
1,2,40,24,0.2868015757
1,2,40,25,176006.2317807438
1,2,40,26,884481.6476531709
1,2,40,27,1959148.3938166134
1,2,40,28,62338.4003399805
1,2,40,29,2276250.0661739516
1,2,40,30,41000.3922262314
1,2,40,31,346.9700291743
1,2,40,32,43180.0536730940
1,2,40,33,1429507.9237738680
1,2,40,34,164235.9318281152
1,2,40,35,132298.6064666089
1,2,40,36,212710.2956108433
1,2,40,37,310458.4860584437
1,2,40,38,336.3231837780
1,2,40,39,38524.2111950641
1,2,40,40,11499.5198206975
1,2,40,41,923704.7961963286
1,2,40,42,245869.1188021852
1,2,40,43,634013.4190421522
1,2,40,44,447629.2219439400
1,2,40,45,217244.2421154363
1,2,40,46,46796.7589578349
1,2,40,47,9288946.5384620707
1,2,40,48,124297.3247616373
1,2,40,49,43302.5221129135
1,2,40,50,125143.3421511552
1,2,40,51,39858.7693129391
1,2,40,52,115837.9313626442
1,2,40,53,67732.1903166093
1,2,40,54,33783.5966128542
1,2,40,55,1333831.6612853447
1,2,40,56,51731.6701629444
1,2,40,57,51160.6621358551
1,2,40,58,119869.4833989272
1,2,40,59,109350.8325010802
1,2,41,0,-2.4954735308
1,2,41,1,-1.0086066509
1,2,41,2,12.3728836742
1,2,41,3,39.7585522082
1,2,41,4,7413.6051726570
1,2,41,5,442.0073791566
1,2,41,6,230.7255774558
1,2,41,7,1.4874326106
1,2,41,8,46477.6074653061
1,2,41,9,10890.8687498044
1,2,41,10,-0.0074127030
1,2,41,11,-0.0161828002
1,2,41,12,31730.2773898555
1,2,41,13,204.7203026521
1,2,41,14,17542.8157764842
1,2,41,15,78454.4891962819
1,2,41,16,1.3995554837
1,2,41,17,11582.5517416881
1,2,41,18,33294.6220209920
1,2,41,19,33399.0932034301
1,2,41,20,22590.1807093650
1,2,41,21,817169.3418900465
1,2,41,22,230608.6369379903
1,2,41,23,738104.2517716291
1,2,41,24,0.9293767160
1,2,41,25,78029.0084352733
1,2,41,26,72501.8295574900
1,2,41,27,88268.2460788364
1,2,41,28,130869.4988179005
1,2,41,29,19353.5906159234
1,2,41,30,109403.0116991346
1,2,41,31,264.4535369624
1,2,41,32,45581.3843740651
1,2,41,33,68620.7173595427
1,2,41,34,55659.6343239586
1,2,41,35,20407.2163058977
1,2,41,36,64211539.0405637473
1,2,41,37,1035064.4733240362
1,2,41,38,309.5235173524
1,2,41,39,116504.8595652480
1,2,41,40,29420.5965290932
1,2,41,41,686479.8847598997
1,2,41,42,419220.0832098946
1,2,41,43,3405932.0694768392
1,2,41,44,36304.8394499819
1,2,41,45,40094.5350755903
1,2,41,46,72530.0316237332
1,2,41,47,18008836.3389908858
1,2,41,48,208186.3759119710
1,2,41,49,139267.2768391952
1,2,41,50,56455.1394248444
1,2,41,51,85404.5955564261
1,2,41,52,9085909.1092283782
1,2,41,53,732516.4652001810
1,2,41,54,226004.1953647254
1,2,41,55,91327.9678668281
1,2,41,56,64372.3182262878
1,2,41,57,898200.3060967521
1,2,41,58,5677016.1753612189
1,2,41,59,84843.3686601298
1,2,42,0,293.4677624023
1,2,42,1,357.4408941695
1,2,42,2,98.8218496904
1,2,42,3,221.0351412113
1,2,42,4,313589.5138449283
1,2,42,5,36895.8106099521
1,2,42,6,24996.8597941047
1,2,42,7,0.3886594300
1,2,42,8,840855.5138508654
1,2,42,9,502360.2206111764
1,2,42,10,-0.2039710415
1,2,42,11,0.0475589172
1,2,42,12,1059739.7824341285
1,2,42,13,629.8112741841
1,2,42,14,93383.5521011049
1,2,42,15,239424.4631695260
1,2,42,16,97.4339736283
1,2,42,17,318740.3533542562
1,2,42,18,8262888.7660257546
1,2,42,19,2278307.0406596237
1,2,42,20,7477419.3464426864
1,2,42,21,10250.2074019183
1,2,42,22,410249.5211479783
1,2,42,23,115138.1418824315
1,2,42,24,0.3794705940
1,2,42,25,221673.3963828294
1,2,42,26,830260.1052331507
1,2,42,27,423915.2867963111
1,2,42,28,682074.3082946718
1,2,42,29,399606.6620991940
1,2,42,30,894369.4210228572
1,2,42,31,7099.7035572145
1,2,42,32,319625.6614045033
1,2,42,33,161785.3236344377
1,2,42,34,511645.4099577593
1,2,42,35,1157326.6786856947
1,2,42,36,100947.8723828048
1,2,42,37,96580.2360929267
1,2,42,38,6358.6821699747
1,2,42,39,344068.0091217020
1,2,42,40,280342.4538630443
1,2,42,41,293704.7315801959
1,2,42,42,280987.0908046040
1,2,42,43,123230.6531860219
1,2,42,44,617727.5226424574
1,2,42,45,1450744.0003163714
1,2,42,46,1529741.7377075234
1,2,42,47,34274.2741813648
1,2,42,48,1890822.3510401554
1,2,42,49,10215663.3790875077
1,2,42,50,944682.6179422383
1,2,42,51,1065309.0080794359
1,2,42,52,57781.4067625051
1,2,42,53,93295.5742920288
1,2,42,54,657494.0908833639
1,2,42,55,484901.5919989237
1,2,42,56,138147.2789745449
1,2,42,57,142597.8864389487
1,2,42,58,186145.3472108873
1,2,42,59,201223.5105888800
1,2,43,0,202.1152588899
1,2,43,1,291.6657013296
1,2,43,2,82.0621115976
1,2,43,3,170.2573870105
1,2,43,4,4603.6975459926
1,2,43,5,46275.6532616506
1,2,43,6,28482.6055993307
1,2,43,7,-3.0324218099
1,2,43,8,1769389.2627214200
1,2,43,9,13032055.5864667315
1,2,43,10,-0.3742090131
1,2,43,11,-0.2094001148
1,2,43,12,549412.0834865486
1,2,43,13,9277.3082930674
1,2,43,14,6493.1014821871
1,2,43,15,425566.6001465326
1,2,43,16,2620.3042562660
1,2,43,17,6977598.3450562991
1,2,43,18,222957.8062967728
1,2,43,19,478172.9312433868
1,2,43,20,200694.1432833527
1,2,43,21,121133.8329634564
1,2,43,22,249887.5273208627
1,2,43,23,23806.3291460984
1,2,43,24,-2.2997978694
1,2,43,25,323008.0250560806
1,2,43,26,240311.5339558338
1,2,43,27,177320.4037541476
1,2,43,28,280141.6904607277
1,2,43,29,702095.0482330321
1,2,43,30,123380.6909216557
1,2,43,31,2894.9863850429
1,2,43,32,267927.7720951346
1,2,43,33,168511.3697922165
1,2,43,34,188899.6817824731
1,2,43,35,1242450.3094674540
1,2,43,36,84718.0366968592
1,2,43,37,115339.2215784311
1,2,43,38,4475.9047061893
1,2,43,39,1138852.4177766840
1,2,43,40,117092.6145588732
1,2,43,41,314089.4137284364
1,2,43,42,438746.6054656897
1,2,43,43,271493.2335659789
1,2,43,44,395833.7079407581
1,2,43,45,272992.8364093134
1,2,43,46,3643518.5349559509
1,2,43,47,143912.6114144887
1,2,43,48,678966.1469891759
1,2,43,49,641844.8213731096
1,2,43,50,404248.6942832781
1,2,43,51,3870234.2305772370
1,2,43,52,581353.5683597309
1,2,43,53,52485.9147110773
1,2,43,54,669337.0786041762
1,2,43,55,1820548.4343364316
1,2,43,56,163854.7084203532
1,2,43,57,51736.4992986539
1,2,43,58,211601.7473103061
1,2,43,59,1722771.2168687352
1,2,44,0,-1.5385367396
1,2,44,1,-0.0728470074
1,2,44,2,-0.1281155370
1,2,44,3,-1.2598946620
1,2,44,4,-1.2672736636
1,2,44,5,-0.3441056856
1,2,44,6,-0.0774812027
1,2,44,7,-1.6814090015
1,2,44,8,183455.2713734226
1,2,44,9,175.4682326879
1,2,44,10,-0.0740452615
1,2,44,11,-0.0554095931
1,2,44,12,38787.8670751926
1,2,44,13,7220.4799771838
1,2,44,14,-3.9474404881
1,2,44,15,49112.5112480347
1,2,44,16,-3.5281204621
1,2,44,17,112.4127870400
1,2,44,18,147.3586753411
1,2,44,19,5577.6438773701
1,2,44,20,143.3837686352
1,2,44,21,34570.4089155146
1,2,44,22,420.4887893529
1,2,44,23,31.0410844607
1,2,44,24,-1.2409955090
1,2,44,25,617815.0317869870
1,2,44,26,5459.9239718255
1,2,44,27,59985.3263303801
1,2,44,28,29313.3079775347
1,2,44,29,29634.0017806643
1,2,44,30,20128.2364018030
1,2,44,31,-1.3005018091
1,2,44,32,49230.8326622046
1,2,44,33,511948.9603101268
1,2,44,34,21547.1711594956
1,2,44,35,72433.0509192934
1,2,44,36,26506.7058689299
1,2,44,37,70.3061428020
1,2,44,38,-1.2831561624
1,2,44,39,1461.7933234910
1,2,44,40,1755.9790540486
1,2,44,41,6478.7110661083
1,2,44,42,1228760.0108207087
1,2,44,43,91.2952234493
1,2,44,44,23709.7295103542
1,2,44,45,18277.4083162307
1,2,44,46,28754.8939559592
1,2,44,47,7876883.5892125173
1,2,44,48,14675.2832493511
1,2,44,49,24110.0952323002
1,2,44,50,8187.0389330383
1,2,44,51,13522.2701263099
1,2,44,52,151628.0575915622
1,2,44,53,28415.3870165969
1,2,44,54,25998.8886559467
1,2,44,55,210825.5963336446
1,2,44,56,1784276.3436439969
1,2,44,57,23235.3898520222
1,2,44,58,55479.2137614573
1,2,44,59,17902.3756200813
1,2,45,0,-3.8663360792
1,2,45,1,-0.7076534678
1,2,45,2,17.9636080118
1,2,45,3,55.9270088442
1,2,45,4,8396.9353998355
1,2,45,5,682.9467493020
1,2,45,6,321.5992173551
1,2,45,7,-1.8426337013
1,2,45,8,37409.2854028801
1,2,45,9,13976.2090607559
1,2,45,10,-0.0720744154
1,2,45,11,-0.1265270948
1,2,45,12,31402.9227568396
1,2,45,13,180.9689256090
1,2,45,14,23272.8647638611
1,2,45,15,87242.7983015565
1,2,45,16,-2.6933168256
1,2,45,17,16660.8929717142
1,2,45,18,50234.7003408821
1,2,45,19,30162.9241837303
1,2,45,20,36030.6145128469
1,2,45,21,61076.8359720771
1,2,45,22,208214.8510463588
1,2,45,23,708963.6530657262
1,2,45,24,-1.4393643393
1,2,45,25,70385.9578297891
1,2,45,26,59595.7527637022
1,2,45,27,273544.8832328046
1,2,45,28,143516.7889162539
1,2,45,29,20667.8481701402
1,2,45,30,110130.7947615715
1,2,45,31,376.7856560361
1,2,45,32,46645.0364278738
1,2,45,33,60412.3539943499
1,2,45,34,65227.0755407782
1,2,45,35,23245.6547603242
1,2,45,36,1956062.6401692668
1,2,45,37,1490373.2683548452
1,2,45,38,454.6581192300
1,2,45,39,91843.0482485492
1,2,45,40,17695.3497874108
1,2,45,41,128852.4613086618
1,2,45,42,578306.8834764840
1,2,45,43,559812.5544189115
1,2,45,44,29104.5593521181
1,2,45,45,33413.5794051358
1,2,45,46,97740.6751417438
1,2,45,47,58456.8060314749
1,2,45,48,143966.5194573399
1,2,45,49,103356.6969638518
1,2,45,50,211160.0534115123
1,2,45,51,100409.9956899494
1,2,45,52,1143326.5928957351
1,2,45,53,89531.1024552469
1,2,45,54,86063.2900808697
1,2,45,55,114240.0758498157
1,2,45,56,82979.4894847716
1,2,45,57,616057.4071166534
1,2,45,58,518472.9406457558
1,2,45,59,100353.7863484117
1,2,46,0,4.1146493571
1,2,46,1,3.4791773002
1,2,46,2,9.0580544684
1,2,46,3,21.1838915442
1,2,46,4,3265.3874355626
1,2,46,5,561.4540076678
1,2,46,6,1267.9373223756
1,2,46,7,-1.1114167973
1,2,46,8,9060289.5518519748
1,2,46,9,417319.4270911119
1,2,46,10,-0.2820073184
1,2,46,11,-0.0348011425
1,2,46,12,2811238.9031254365
1,2,46,13,2414.5378435417
1,2,46,14,14186.0412241797
1,2,46,15,338835.9205393284
1,2,46,16,48.3559742829
1,2,46,17,386681.3865078042
1,2,46,18,54617.9912654098
1,2,46,19,691243.2168373808
1,2,46,20,41116.9288847415
1,2,46,21,351613.0574919607
1,2,46,22,1936752.0005396097
1,2,46,23,54665.7938305249
1,2,46,24,-0.6407240150
1,2,46,25,73138.6440187494
1,2,46,26,834738.6203813943
1,2,46,27,286981.1101201379
1,2,46,28,83020.3845633058
1,2,46,29,671003.1861759516
1,2,46,30,183703.7055773515
1,2,46,31,113.6369694282
1,2,46,32,505775.5524624308
1,2,46,33,1565058.3574312886
1,2,46,34,186644.1928141721
1,2,46,35,1308253.1224656368
1,2,46,36,117136.9784888888
1,2,46,37,50399.9169182377
1,2,46,38,168.4460818879
1,2,46,39,752117.4243676853
1,2,46,40,153682.0690054154
1,2,46,41,42729.2729061933
1,2,46,42,361297.4400337624
1,2,46,43,136065.1863667126
1,2,46,44,423040.7851902109
1,2,46,45,144697.0160796032
1,2,46,46,3642448.8061094959
1,2,46,47,165523.3208055875
1,2,46,48,118846.6471973881
1,2,46,49,391269.7061371022
1,2,46,50,1283045.4409881390
1,2,46,51,5015267.2815500284
1,2,46,52,37581.2724730086
1,2,46,53,873359.3282660934
1,2,46,54,22312487.1259701103
1,2,46,55,291946.8305604222
1,2,46,56,58513.9484224090
1,2,46,57,222320.6328406413
1,2,46,58,55102.4348585602
1,2,46,59,1753944.4814869959
1,2,47,0,8.4184028089
1,2,47,1,12.4335312426
1,2,47,2,34.9708508235
1,2,47,3,74.0355470281
1,2,47,4,171387.7057569216
1,2,47,5,3626.1614650760
1,2,47,6,5792.5815306927
1,2,47,7,-1.4321000014
1,2,47,8,2731795.1937365229
1,2,47,9,180503.1625795431
1,2,47,10,-0.1755003764
1,2,47,11,-0.2604301024
1,2,47,12,425292.0891264410
1,2,47,13,367.2322420321
1,2,47,14,127572.8178000950
1,2,47,15,608456.6698141845
1,2,47,16,9.2952702419
1,2,47,17,155944.1361600235
1,2,47,18,25017618.9258534200
1,2,47,19,605027.8393643597
1,2,47,20,272637.7061912664
1,2,47,21,1504625.6465041677
1,2,47,22,121139.3873753915
1,2,47,23,41321.1453090708
1,2,47,24,-1.2416468700
1,2,47,25,80699.6925901241
1,2,47,26,372740.4056020507
1,2,47,27,1994848.7541448132
1,2,47,28,8365551.5250664083
1,2,47,29,2323654.7285215436
1,2,47,30,190250.7542719076
1,2,47,31,192.6782730193
1,2,47,32,283045.6403125226
1,2,47,33,435042.6730264041
1,2,47,34,1833798.5323880252
1,2,47,35,2973630.3974420768
1,2,47,36,4255267.9884041892
1,2,47,37,459123.9584775108
1,2,47,38,329.1339214782
1,2,47,39,696263.9765940878
1,2,47,40,910799.2104037550
1,2,47,41,130853.2671620391
1,2,47,42,83306.0159327867
1,2,47,43,3553523.8106302936
1,2,47,44,2808006.4649580717
1,2,47,45,124801.9483538022
1,2,47,46,753967.2031823607
1,2,47,47,278439.0333485067
1,2,47,48,24136795.8940663338
1,2,47,49,518153.3828807029
1,2,47,50,240198.4615040827
1,2,47,51,1039154.2364567793
1,2,47,52,104600.5315410888
1,2,47,53,515271.7902663035
1,2,47,54,1563507.6767449842
1,2,47,55,1134481.6060196145
1,2,47,56,3555382.5632021846
1,2,47,57,1123610.2194073175
1,2,47,58,246437.4670007187
1,2,47,59,148992.6425365278
1,2,48,0,137.9782380141
1,2,48,1,59.2871191664
1,2,48,2,2163.5795983745
1,2,48,3,13896.2450942366
1,2,48,4,24931.9216511508
1,2,48,5,4058.4522078361
1,2,48,6,3398.5992694869
1,2,48,7,-2.0985680362
1,2,48,8,66211.8803761114
1,2,48,9,1135189.3196008031
1,2,48,10,-0.1088959147
1,2,48,11,-0.1913559893
1,2,48,12,151481.7124301144
1,2,48,13,54.2008026707
1,2,48,14,17213.4223285473
1,2,48,15,105046.6933104954
1,2,48,16,-1.8907720547
1,2,48,17,213226.1666517161
1,2,48,18,151575.7686094182
1,2,48,19,185181.4965918297
1,2,48,20,132154.3766128494
1,2,48,21,3620.5382690032
1,2,48,22,1401699.1452608460
1,2,48,23,3463960.0505961361
1,2,48,24,-1.7967868384
1,2,48,25,66870.8884845455
1,2,48,26,74322.9858970126
1,2,48,27,71606.7555291295
1,2,48,28,238388.2604112472
1,2,48,29,1041240.8915880566
1,2,48,30,641921.4828070709
1,2,48,31,23973996.9356145896
1,2,48,32,208814.8507277565
1,2,48,33,135265.6458005030
1,2,48,34,95232.6055244467
1,2,48,35,229185.0121876177
1,2,48,36,112312.4000768358
1,2,48,37,5987233.7399945762
1,2,48,38,3077534.8723015874
1,2,48,39,173748.9906399833
1,2,48,40,1409134.0052035062
1,2,48,41,270119.7730129494
1,2,48,42,50582.0007922955
1,2,48,43,63383.2953048604
1,2,48,44,287136.3351532498
1,2,48,45,173105.8853382119
1,2,48,46,131121.1741327489
1,2,48,47,8086.2473865729
1,2,48,48,2835730.0298010288
1,2,48,49,396748.8409999417
1,2,48,50,995164.9144879082
1,2,48,51,860643.1008073945
1,2,48,52,103037.7800590812
1,2,48,53,493608.5748073014
1,2,48,54,11742498.8368918486
1,2,48,55,890185.0490501622
1,2,48,56,54339.1669473562
1,2,48,57,160019.1954449906
1,2,48,58,266129.4828776830
1,2,48,59,1056029.1766134540
